OBJECTID;UEA;PROY_COD;PROYECTO;MUESTRA;ESTE;NORTE;ELEVACION;PROYECCION;FECHA;GEOLOGO;TIPO_MATERIAL;ZONA;ANCHO;AZIMUT_STR;BUZAMIENTO_STR;ROCA_GENERAL;ALTERACION;ALT_INTENSIDAD;MINERALIZACION;TIPO_MINERALIZACION;TIPO_ESTRUCTURA;MIN_PRINCIPAL;MIN_SECUNDARIO;OBSERVACION;SINCRONIZACION;Au_ppm;Aucn_ppm;Ag_ppm;Al_pct;As_ppm;B_ppm;Ba_ppm;Be_ppm;Bi_ppm;Ca_pct;Cd_ppm;Ce_ppm;Co_ppm;Cr_ppm;Cs_ppm;Cu_ppm;Fe_pct;Ga_ppm;Ge_ppm;Hf_ppm;Hg_ppm;In_ppm;K_pct;La_ppm;Li_ppm;Lu_ppm;Mg_pct;Mn_ppm;Mo_ppm;Na_pct;Nb_ppm;Ni_ppm;P_pct;Pb_ppm;Rb_ppm;Re_ppm;S_pct;Sb_ppm;Se_ppm;Sc_ppm;Sn_ppm;Sr_ppm;Ta_ppm;Te_ppm;Tb_ppm;Th_ppm;Ti_pct;Tl_ppm;U_ppm;V_ppm;W_ppm;Y_ppm;Yb_ppm;Zn_ppm;Zr_ppm;TARGET
1;TM;TBM;DISTRITAL TAMBOMAYO;TMCA00004720;184061.48;8288600.15;4858.15;W84U19S;26-Dec-2018;Bisa;Estructura;Afloramiento;0.1;120;90;Volc;Argl;Mod;Si;Mass;Vt;Sulf;;"Estructura con contacto de roca volcánica verdosa; dacitas???; con presencia de epidotas; cloritas; diss fina de Py; magnetizada (presencia de magnetita fina); débil presencia de malaquita y crisocola de forma irregular.";21/11/2019 07:00;0.005;;0.2;0.85;3;10;40;0.5;2;0.61;0.5;;7;17;;57;1.81;10;;;1;;0.46;20;;;0.28;320;1;0.17;;10;0.098;6;;;0.03;2;;4;;59;;;;20;0.14;10;10;83;10;;;56;;TAMBOMAYO
2;TM;TBM;DISTRITAL TAMBOMAYO;TMCA00004719;189167;8287379;5133.97;W84U19S;26-Dec-2018;Bisa;Estructura;Afloramiento;0.1;300;87;Volc;Argl;Mod;Si;Diss;Vt;Ox;Qz;Veta con abundante  py diss + OxFe + cuarzo y limorcillas.;21/11/2019 07:00;0.005;;0.2;3.79;2;10;80;0.6;2;1.6;0.5;;18;11;;83;5.65;10;;;1;;0.11;20;;;1.56;377;1;0.35;;16;0.132;7;;;1.42;2;;14;;268;;;;20;0.1;10;10;182;10;;;71;;TAMBOMAYO
3;TM;TBM;DISTRITAL TAMBOMAYO;TMCA00004718;189163;8287384;5131.91;W84U19S;26-Dec-2018;Bisa;Estructura;Afloramiento;0.1;300;87;Volc;Argl;Mod;Si;Diss;Vt;Ox;Qz;Veta con abundante  py diss + OxFe + cuarzo y limorcillas.;21/11/2019 07:00;0.005;;0.2;3.89;2;10;60;0.7;2;1.8;0.5;;20;10;;85;5.14;10;;;1;;0.13;30;;;1.48;233;1;0.33;;22;0.144;5;;;2.33;3;;15;;241;;;;20;0.06;10;10;182;10;;;110;;TAMBOMAYO
4;TM;TBM;DISTRITAL TAMBOMAYO;TMCA00004717;189159;8287386;5135.12;W84U19S;26-Dec-2018;Bisa;Estructura;Afloramiento;0.1;300;87;Volc;Argl;Mod;Si;Diss;Vt;Ox;Qz;Veta con abundante  py diss + OxFe + cuarzo y limorcillas.;21/11/2019 07:00;0.005;;0.2;3.7;2;10;250;0.6;2;1.57;0.5;;16;9;;77;5.01;10;;;1;;0.12;20;;;1.39;303;1;0.28;;18;0.144;5;;;1.08;2;;15;;195;;;;20;0.04;10;10;168;10;;;84;;TAMBOMAYO
5;TM;TBM;DISTRITAL TAMBOMAYO;TMCA00004716;189237;8287947;5100.22;W84U19S;26-Dec-2018;Bisa;Estructura;Afloramiento;0.1;242;90;Volc;Argl;Deb;Si;Mass;Vt;Ox;Qz;Veta  con  silicicación con presencia de óxidos de Fe + tz de py y cuarzo gris;21/11/2019 07:00;0.005;;0.2;2.33;2;10;160;0.7;2;0.84;0.5;;20;42;;125;4.94;10;;;1;;0.14;40;;;0.59;407;1;0.23;;35;0.162;7;;;2.24;2;;7;;133;;;;20;0.02;10;10;130;10;;;99;;TAMBOMAYO
10288;TM;TBM;DISTRITAL TAMBOMAYO;EX341667;819113;8301153;4590;W84U18S;2-Sep-2013;Julio Reyno;Estructura;Afloramiento;0.5;;;;;;;;Vnll;;;Venilla con pátinas verdosas. Roca caja andesita inalterada.;21/11/2019 07:00;0.005;;0.2;2.09;3;;46;0.5;5;1.58;1;;14;30;;29.9;4.54;10;;;0.02;;0.11;10.5;;;1.32;629;1;0.24;1;15;0.07;21;;;0.01;5;;7.8;13;128;;0.005;;50;0.12;2;50;119;10;8.2;;56.4;13;REGIONAL TAMBOMAYO
10289;TM;TBM;DISTRITAL TAMBOMAYO;EX341666;819215;8301166;4604;W84U18S;2-Sep-2013;Julio Reyno;Estructura;Afloramiento;0.3;;;;;;;;Vnll;Cal;;"Canal en estructura con venillas de calcita; parcial silisificación y remanentes de roca nadesitica. Presencia de clorita y/o brocantita. 10 metros de extensión.";21/11/2019 07:00;0.005;;0.2;1.13;3;;61;0.5;5;5.35;1;;2;77;;59.2;2.25;10;;;0.02;;0.2;6;;;0.25;1455;1;0.05;1;9;0.02;11;;;0.01;5;;2.5;10;1310;;0.005;;50;0.04;2;50;64;10;5.8;;25;7.3;REGIONAL TAMBOMAYO
10290;TM;TBM;DISTRITAL TAMBOMAYO;EX341665;818991;8300973;4508;W84U18S;2-Sep-2013;Julio Reyno;Estructura;Afloramiento;0.6;;;;;;;;Vnll;Cal;;"Canal sobre dos vetillas de calcita de 10 cm de ancho cada una; separadas por roca inalterada. 10 metros de largo.";21/11/2019 07:00;0.005;;0.3;0.39;5;;14;0.5;5;15;1;;2;20;;9.8;0.96;10;;;0.02;;0.05;5.5;;;0.19;582;1;0.02;1;5;0.03;6;;;0.01;5;;1.6;24;57.9;;0.099;;50;0.04;2;50;18;10;2.8;;20.7;5.1;REGIONAL TAMBOMAYO
10291;TM;TBM;DISTRITAL TAMBOMAYO;EX341664;818785;8301066;4515;W84U18S;2-Sep-2013;Julio Reyno;Estructura;Afloramiento;0.25;;;;;;;;Vnll;Cal;;Vetilla de calcita de 25 cm de ancho.Calcita fina en bandas grises entre calcita blanca bien cristalizada. Sin continuidad.;21/11/2019 07:00;0.005;;0.2;1.85;3;;12;0.5;5;15;1;;1;18;;9;0.39;10;;;0.02;;0.26;5.2;;;0.03;1254;1;0.03;1;1;0.02;9;;;0.01;5;;1.9;10;82.9;;0.117;;50;0.01;2;50;21;10;3.7;;20;3.4;REGIONAL TAMBOMAYO
10292;TM;TBM;DISTRITAL TAMBOMAYO;EX341663;819874;8300744;4540;W84U18S;2-Sep-2013;Julio Reyno;Estructura;Afloramiento;0.1;;;;;;;;Vnll;Sil;Ox;"Vetilla de silice calcedonia con """"""""""""""""hilitos"""""""""""""""" de OxFe.";21/11/2019 07:00;0.005;;0.2;0.12;4;;56;0.5;5;0.48;2;;1;273;;1210;1.81;10;;;0.02;;0.02;0.5;;;0.03;215;4;0.01;1;13;0.01;11;;;0.02;5;;1.2;10;27.2;;0.044;;50;0.01;2;50;30;10;0.6;;10.5;3.1;REGIONAL TAMBOMAYO
10293;TM;TBM;DISTRITAL TAMBOMAYO;EX341662;819916;8303683;4842;W84U18S;2-Sep-2013;Julio Reyno;Estructura;Afloramiento;5;;;;;;;;Bx;;;"Brecha monomictica con matriz de harina de roca de aspecto saccaroide y poco competente. Minerales verde claro de forma alongada; fibrosa; de hilo.";21/11/2019 07:00;0.005;;0.2;0.45;3;;59;0.5;5;0.56;1;;3;44;;7.3;1.07;10;;;0.02;;0.09;39.7;;;0.12;107;1;0.11;1;7;0.19;8;;;0.01;5;;1;10;39.3;;0.088;;50;0.06;2;50;25;10;7.1;;15.7;8.3;REGIONAL TAMBOMAYO
10294;TM;TBM;DISTRITAL TAMBOMAYO;EX341661;819958;8303750;4838;W84U18S;2-Sep-2013;Julio Reyno;Roca;Afloramiento;4;;;Volc;Inalt;;No;;;;;"Roca de matriz garnular fina; silicea; con presencia de micas; amfiboles y cueazo. Parcialmente saccaroide y blanda.";21/11/2019 07:00;0.005;;0.2;0.34;3;;56;0.5;5;0.61;1;;3;35;;10.7;1.05;10;;;0.02;;0.09;42.6;;;0.18;112;1;0.09;1;7;0.21;2;;;0.01;5;;1.3;12;32.1;;0.012;;50;0.06;2;50;41;10;8.3;;22;13.8;REGIONAL TAMBOMAYO
10295;TM;TBM;DISTRITAL TAMBOMAYO;EX341660;819877;8303527;4831;W84U18S;2-Sep-2013;Julio Reyno;Estructura;Afloramiento;0.7;90;;;;;;;Led;Sil;;"Estructura como parte de crestón de sílice granular; probablemente proveniente de riolita alterada por vapores";21/11/2019 07:00;0.005;;0.2;0.74;3;;80;0.5;5;0.62;1;;4;36;;19.6;1.02;10;;;0.02;;0.12;41.2;;;0.16;214;1;0.13;1;7;0.2;2;;;0.01;5;;1.4;10;43.9;;0.05;;50;0.08;2;50;37;10;7.9;;26.2;25.5;REGIONAL TAMBOMAYO
10296;TM;TBM;DISTRITAL TAMBOMAYO;EX341659;820117;8300827;4656;W84U18S;2-Sep-2013;Julio Reyno;Estructura;Afloramiento;0.3;;;;;;;;Vnll;Sil;;Vetilla de relleno con presencia de sílice en venillas y bandas;21/11/2019 07:00;0.005;;0.2;0.25;3;;24;0.5;5;0.13;1;;1;251;;15.4;1.19;10;;;0.02;;0.01;2.9;;;0.02;205;1;0.01;1;12;0.02;7;;;0.01;5;;1.2;10;8.1;;0.031;;50;0.02;2;50;20;10;2.1;;30.1;3.1;REGIONAL TAMBOMAYO
10297;TM;TBM;DISTRITAL TAMBOMAYO;EX341658;814364;8302527;4692;W84U18S;2-Sep-2013;Julio Reyno;Estructura;Afloramiento;3;;;;;;;;Led;;;Estructura argilica poco brechada. Aflora 10 m.;21/11/2019 07:00;0.005;;0.2;0.45;13;;49;0.8;5;0.06;1;;23;89;;75.5;5.3;10;;;1.08;;0.04;3.7;;;0.04;646;2;0.01;1;72;0.04;14;;;0.03;5;;11;14;7.5;;0.104;;50;0.01;2;50;41;10;10.7;;136;6.7;REGIONAL TAMBOMAYO
10298;TM;TBM;DISTRITAL TAMBOMAYO;EX341657;814397;8302295;4645;W84U18S;2-Sep-2013;Julio Reyno;Estructura;Afloramiento;10;;;;;;;;Vnll;Sil;Ox;Vetilla argilica con presencia de silice y OxFe. 3 incrementos;21/11/2019 07:00;0.005;;0.2;0.28;41;;44;0.5;5;14.55;1;;8;64;;36.9;2.36;10;;;1.09;;0.02;8;;;0.52;774;1;0.01;1;28;0.04;17;;;0.03;5;;5.1;10;253;;0.283;;50;0.01;2;50;27;10;7.4;;91.1;0.7;REGIONAL TAMBOMAYO
10299;TM;TBM;DISTRITAL TAMBOMAYO;EX341656;815425;8302296;4800;W84U18S;2-Sep-2013;Julio Reyno;Roca;Afloramiento;1;;;Volc;Inalt;;No;;;;;Riodacita inalterada.;21/11/2019 07:00;0.005;;0.2;0.71;3;;186;0.5;5;0.04;1;;1;42;;23.3;0.93;10;;;0.02;;0.09;11.1;;;0.03;26;1;0.05;1;2;0.01;5;;;0.05;5;;1.5;10;27.5;;0.012;;50;0.05;2;50;15;10;3.7;;10;7.8;REGIONAL TAMBOMAYO
10300;TM;TBM;DISTRITAL TAMBOMAYO;EX341654;814669;8302663;4730;W84U18S;2-Sep-2013;Julio Reyno;Estructura;Afloramiento;6;;;;;;;;Bx;Sil;;Brecha monomictica de clastos siliceos masivos angulares.Brecha clastosoportada.;21/11/2019 07:00;0.005;;0.2;0.28;49;;157;0.5;5;0.05;1;;3;191;;23;3.23;10;;;0.64;;0.01;3.1;;;0.01;85;1;0.01;1;30;0.04;11;;;0.14;5;;2.9;10;10.2;;0.047;;50;0.01;2;50;38;10;4;;37.9;5.3;REGIONAL TAMBOMAYO
10301;TM;TBM;DISTRITAL TAMBOMAYO;EX341653;814553;8302795;4718;W84U18S;2-Sep-2013;Julio Reyno;Estructura;Afloramiento;0.3;;;;;;;;Bx;Ox;Cal;"Veta brecha con OxFe > 5%; calcita y clastos siliceos. Matriz de roca molida";21/11/2019 07:00;0.005;;0.2;0.43;15;;37;0.5;5;0.05;1;;5;104;;42.5;3.15;10;;;1.56;;0.05;5.5;;;0.02;202;4;0.01;1;16;0.05;11;;;0.09;5;;3.9;16;4;;0.005;;50;0.01;2;50;23;10;2.9;;38.1;2.8;REGIONAL TAMBOMAYO
10302;TM;TBM;DISTRITAL TAMBOMAYO;EX341652;814500;8302970;4692;W84U18S;2-Sep-2013;Julio Reyno;Estructura;Afloramiento;3;;;;;;;;Bx;Ox;;Brecha con fuerte presencia de OxFe;21/11/2019 07:00;0.005;;0.2;0.4;11;;41;0.5;5;3.78;1;;11;107;;19.7;2.18;10;;;0.93;;0.05;10.7;;;0.06;1401;1;0.01;1;40;0.04;13;;;0.01;5;;5.2;10;36.2;;0.104;;50;0.01;2;50;36;10;6.7;;64;2.5;REGIONAL TAMBOMAYO
10303;TM;TBM;DISTRITAL TAMBOMAYO;EX341651;812800;8304131;4701;W84U18S;2-Sep-2013;Julio Reyno;Estructura;Afloramiento;2;;;;;;;;Bx;Cal;Ox;"Brecha de roca molida; monomictica y con fuerte presencia de calcita y OxFe";21/11/2019 07:00;0.006;;0.2;0.19;78;;1235;0.5;5;15;1;;18;48;;209;4.89;10;;;0.46;;0.05;2.9;;;2.09;2410;4;0.01;1;20;0.01;29;;;0.35;5;;3.5;10;137;;0.17;;50;0.01;2;50;45;10;2.5;;50.6;0.5;REGIONAL TAMBOMAYO
10305;TM;TBM;DISTRITAL TAMBOMAYO;EX341073;189363;8288069;5054;P56U19S;1-Dec-2011;Miguel Miranda;Roca;Afloramiento;5;;;;;;;;;;;;21/11/2019 07:00;;;0.2;1.72;3;;54;0.5;5;1.36;1;;21;76;;68.4;3.54;10;;;;;0.1;24.1;;;1.15;224;1;0.35;1;34;0.16;12;;;0.01;5;;2.1;10;162;;;;50;0.2;2;50;145;10;8.8;;56.6;10.4;REGIONAL TAMBOMAYO
10306;TM;TBM;DISTRITAL TAMBOMAYO;EX341072;188966;8287782;5093;P56U19S;1-Dec-2011;Miguel Miranda;Roca;Afloramiento;5;;;;;;;;;;;;21/11/2019 07:00;;;0.2;3.02;5;;41;0.5;5;2.25;1;;21;35;;32.6;4.03;10;;;;;0.07;15.3;;;0.75;380;1;0.42;1;9;0.12;7;;;0.02;5;;2.5;10;238;;;;50;0.36;2;50;185;10;9.7;;57.2;8.8;REGIONAL TAMBOMAYO
10307;TM;TBM;DISTRITAL TAMBOMAYO;EX341070;190470;8291241;5212;P56U19S;1-Dec-2011;Miguel Miranda;Roca;Afloramiento;5;;;;;;;;;;;;21/11/2019 07:00;;;0.2;0.22;3;;39;0.5;5;0.04;1;;1;78;;1.6;0.64;10;;;;;0.14;7.6;;;0.06;311;2;0.08;3;4;0.01;3;;;0.01;5;;1.3;10;6.1;;;;50;0.06;2;50;3;10;4.3;;30.7;11.8;REGIONAL TAMBOMAYO
10308;TM;TBM;DISTRITAL TAMBOMAYO;EX341069;189685;8288136;5109;P56U19S;1-Dec-2011;Miguel Miranda;Estructura;Afloramiento;0.45;;;;;;;;;;;;21/11/2019 07:00;0.005;;0.2;0.15;8;;15;0.5;5;15;1;;3;3;;3.9;0.39;10;;;;;0.01;4.2;;;0.3;3592;1;0.01;1;2;0.02;2;;;0.04;5;;0.9;10;339;;;;;0.01;4;;3;10;1.3;;11.1;1;REGIONAL TAMBOMAYO
10309;TM;TBM;DISTRITAL TAMBOMAYO;EX341068;190346;8289023;4987;P56U19S;1-Dec-2011;Miguel Miranda;Estructura;Afloramiento;0.75;;;;;;;;;;;;21/11/2019 07:00;0.005;;0.2;0.54;15;;371;0.5;5;15;1;;9;14;;14.8;2.06;10;;;;;0.02;10.6;;;1.13;2028;3;0.01;1;5;0.04;6;;;0.52;5;;2;10;665;;;;;0.01;2;;26;10;6.4;;17.3;0.5;GABY
10310;TM;TBM;DISTRITAL TAMBOMAYO;EX341067;191076;8288467;5275;P56U19S;1-Dec-2011;Miguel Miranda;Estructura;Afloramiento;5;;;;;;;;;;;;21/11/2019 07:00;0.007;;0.2;0.19;3;;160;0.5;5;0.01;1;;1;144;;3;0.21;10;;;;;0.01;1;;;0.01;19;3;0.01;1;10;0.01;4;;;0.04;5;;0.5;10;35.2;;;;;0.01;2;;3;10;0.5;;1.7;1.7;GABY
10311;TM;TBM;DISTRITAL TAMBOMAYO;EX341066;190821;8289750;5073;P56U19S;1-Dec-2011;Miguel Miranda;Estructura;Afloramiento;0.3;;;;;;;;;;;;21/11/2019 07:00;0.005;;0.2;1.39;14;;186;0.5;5;4.33;1;;23;90;;46.1;4.91;10;;;;;0.09;19;;;0.59;1190;12;0.17;1;30;0.13;18;;;3.99;5;;4.9;10;164;;;;;0.01;2;;87;10;7.3;;51.9;1.6;GABY
10312;TM;TBM;DISTRITAL TAMBOMAYO;EX341065;193266;8292618;5204;P56U19S;1-Dec-2011;Miguel Miranda;Roca;Afloramiento;5;;;;;;;;;;;;21/11/2019 07:00;0.005;;0.2;0.47;3;;176;0.5;5;2.21;1;;5;208;;15.9;1.08;10;;;;;0.07;5;;;0.27;326;4;0.01;1;15;0.02;5;;;0.02;5;;1.2;10;32.6;;;;;0.01;2;;19;10;2.3;;10.9;0.5;GABY
10313;TM;TBM;DISTRITAL TAMBOMAYO;EX341064;194404;8290815;5320;P56U19S;1-Dec-2011;Miguel Miranda;Roca;Afloramiento;5;;;;;;;;;;;;21/11/2019 07:00;0.006;;0.2;0.57;5;;878;0.5;5;5.54;1;;5;115;;18.4;1.14;10;;;;;0.09;6.8;;;0.37;400;2;0.01;1;10;0.02;9;;;0.19;5;;0.9;10;64.2;;;;;0.01;2;;12;10;2.4;;20.1;0.5;GABY
10314;TM;TBM;DISTRITAL TAMBOMAYO;EX341063;195168;8291807;5000;P56U19S;1-Dec-2011;Miguel Miranda;Roca;Afloramiento;5;;;;;;;;;;;;21/11/2019 07:00;0.007;;0.9;0.46;11;;126;0.5;8;0.15;1;;5;46;;7.8;2.75;10;;;;;0.22;12.2;;;0.03;33;2;0.12;1;2;0.06;445;;;1.64;5;;0.7;10;83.5;;;;;0.01;2;;7;10;1.8;;170;0.5;GABY
10315;TM;TBM;DISTRITAL TAMBOMAYO;EX341062;194910;8291749;5000;P56U19S;1-Dec-2011;Miguel Miranda;Roca;Afloramiento;5;;;;;;;;;;;;21/11/2019 07:00;0.015;;0.2;0.12;52;;13;0.5;5;0.01;1;;5;174;;35.6;4.52;10;;;;;0.01;0.5;;;0.01;47;3;0.01;1;9;0.01;16;;;0.12;5;;0.5;10;1.8;;;;;0.03;2;;5;10;0.8;;30;1.5;GABY
10316;TM;TBM;DISTRITAL TAMBOMAYO;EX341061;194719;8291787;5152;P56U19S;1-Dec-2011;Miguel Miranda;Roca;Afloramiento;5;;;;;;;;;;;;21/11/2019 07:00;0.006;;0.2;1.28;21;;131;0.5;5;0.37;1;;11;56;;7.2;3.23;10;;;;;0.12;10.9;;;0.51;148;1;0.08;1;15;0.06;29;;;2.81;5;;2.2;10;106;;;;;0.02;2;;27;10;2.8;;15.4;0.6;GABY
10317;TM;TBM;DISTRITAL TAMBOMAYO;EX341060;194301;8291830;5205;P56U19S;1-Dec-2011;Miguel Miranda;Roca;Afloramiento;0.35;;;;;;;;;;;;21/11/2019 07:00;0.005;;0.2;3.42;62;;72;0.5;5;2.48;1;;26;74;;28.7;4.21;10;;;;;0.06;6.9;;;2.51;1186;1;0.22;1;27;0.07;24;;;2.08;5;;7.4;10;123;;;;;0.17;2;;105;10;7.3;;255;16.5;GABY
10318;TM;TBM;DISTRITAL TAMBOMAYO;EX341059;193174;8291518;5159;P56U19S;1-Dec-2011;Miguel Miranda;Roca;Afloramiento;5;;;Volc;SilArg;Mod;No;;;;;Argílica avanzada qz-aln;21/11/2019 07:00;0.007;;0.2;0.54;36;;22;0.5;5;0.01;1;;3;127;;6.9;0.97;10;;;;;0.23;1.3;;;0.01;12;2;0.02;2;6;0.01;12;;;0.6;5;;0.5;10;54.8;;;;;0.01;2;;9;10;0.5;;0.7;1.7;GABY
10319;TM;TBM;DISTRITAL TAMBOMAYO;EX341058;193343;8291583;5162;P56U19S;1-Dec-2011;Miguel Miranda;Roca;Afloramiento;5;;;Volc;SilArg;Mod;No;;;;;Argílica avanzada qz-aln;21/11/2019 07:00;0.006;;0.2;0.52;31;;11;0.5;12;0.02;1;;1;87;;3.4;0.85;10;;;1;;0.18;3;;;0.01;9;2;0.03;1;6;0.01;11;;;0.44;5;;0.5;10;71.1;;;;;0.01;2;;10;10;0.5;;0.5;1.3;GABY
10320;TM;TBM;DISTRITAL TAMBOMAYO;EX341057;193432;8291588;5159;P56U19S;1-Dec-2011;Miguel Miranda;Roca;Afloramiento;5;;;Volc;SilArg;Mod;No;;;;;Argílica avanzada qz-aln;21/11/2019 07:00;0.005;;0.2;0.58;17;;33;0.5;5;0.01;1;;1;54;;1.9;0.39;10;;;1;;0.17;2.7;;;0.01;6;2;0.01;1;3;0.01;12;;;0.33;5;;0.6;10;48.3;;;;;0.01;2;;13;10;0.6;;0.7;1.5;GABY
10321;TM;TBM;DISTRITAL TAMBOMAYO;EX341056;193521;8291605;5102;P56U19S;1-Dec-2011;Miguel Miranda;Roca;Afloramiento;5;;;Volc;SilArg;Mod;No;;;;;"Argilica avanzada Qz-Aln; con alunita cristalizada; presencia de oxfe lim-jar";21/11/2019 07:00;0.006;;0.2;0.51;28;;32;0.5;126;0.01;1;;1;93;;4.1;0.98;10;;;1;;0.17;3.9;;;0.01;12;1;0.04;1;7;0.01;15;;;0.48;5;;0.5;10;97.5;;;;;0.01;2;;7;10;0.5;;0.8;1.3;GABY
10322;TM;TBM;DISTRITAL TAMBOMAYO;EX341055;193219;8291591;5162;P56U19S;1-Dec-2011;Miguel Miranda;Roca;Afloramiento;5;;;Volc;ArglAvd;Mod;Si;Vnll;;;;"Afloramiento de argilica avanzada qz-aln; alunita de color rosado a blanco en forma masiva; se presenta en vlls y fracturas; presencia de oxfe";21/11/2019 07:00;0.005;;0.2;0.49;28;;20;0.5;5;0.02;1;;1;92;;4.1;0.77;10;;;1;;0.19;2.1;;;0.01;10;2;0.02;1;7;0.01;12;;;0.49;5;;0.6;10;68.1;;;;;0.01;2;;9;10;0.5;;0.9;2.7;GABY
10323;TM;TBM;DISTRITAL TAMBOMAYO;EX341054;193713;8291875;5118;P56U19S;1-Dec-2011;Miguel Miranda;Roca;Afloramiento;5;;;Volc;Argl;Mod;Si;Vnll;;;;"alteracion argílica con kao-ill-pirf; con vlls tipo stock worck de cuarzo blanquesino";21/11/2019 07:00;0.006;;0.2;0.57;42;;53;0.5;5;0.01;1;;3;39;;4.7;1.34;10;;;1;;0.31;25.3;;;0.12;33;1;0.03;1;1;0.05;16;;;0.53;5;;0.8;10;10;;;;;0.01;3;;13;10;2.1;;3.4;1.7;GABY
10324;TM;TBM;DISTRITAL TAMBOMAYO;EX341053;193567;8292091;5149;P56U19S;1-Dec-2011;Miguel Miranda;Roca;Afloramiento;5;;;SubVolc;Inalt;;No;;;;;"Dique ignimbritico riolitico; compuesto por fiames y pomez; que presentan una orientación";21/11/2019 07:00;0.005;;0.2;0.8;3;;139;0.5;5;0.06;1;;2;32;;5;0.44;10;;;1;;0.16;7.6;;;0.04;109;1;0.06;2;2;0.01;6;;;0.02;5;;0.6;10;17.2;;;;;0.03;2;;2;10;2.5;;13.6;20;GABY
10325;TM;TBM;DISTRITAL TAMBOMAYO;EX341052;193591;8292112;5158;P56U19S;1-Dec-2011;Miguel Miranda;Roca;Afloramiento;5;;;Volc;Argl;Mod;No;;;;;afloraminento de alteración argílica con kao-ill;21/11/2019 07:00;0.005;;0.2;0.47;28;;128;0.5;5;0.43;1;;6;21;;4.4;2.48;10;;;1;;0.28;20.4;;;0.05;98;1;0.03;1;2;0.09;17;;;1.16;5;;0.7;10;13.1;;;;;0.01;2;;7;10;7.7;;6.7;0.5;GABY
10326;TM;TBM;DISTRITAL TAMBOMAYO;EX341051;189748;8293411;5184;P56U19S;1-Dec-2011;Miguel Miranda;Roca;Afloramiento;5;;;;;;;;;;;"rodados de Bx hidrotermal conclastos de cuarzo calcedonico; mtrzde  OxFe";21/11/2019 07:00;0.005;;0.2;0.22;53;;33;0.5;5;0.02;1;;5;73;;20.7;3.22;10;;;1;;0.08;1.7;;;0.01;29;3;0.02;1;5;0.04;11;;;0.65;5;;0.5;10;87.8;;;;;0.01;2;;6;10;0.5;;2.2;1.7;REGIONAL TAMBOMAYO
10354;TM;GAB;GABY;BWTBMEX5962;194180.0036;8293084.006;5195;P56U19S;13-Dec-2013;"Rosas; Mario";Estructura;Afloramiento;0.2;;;;;;;;Vt;Cal;Qz;Estructura de calcita con parches de cuarzo blanco+-5% cuarzo gris+-3% geodas+-2% oxido de fierro +-10% panizo +-20%;21/11/2019 07:00;0.005;;0.2;1.5;3;;151;1;5;0.83;1;;32;9;;22.5;6.3;10;;;1;;0.24;17.1;;;0.65;1238;1;0.01;1;8;0.14;10;;;0.14;5;;3.4;10;29.8;;0.059;;;0.01;2;;25;10;13.4;;107;1.1;GABY
10355;TM;GAB;GABY;BWTBMEX5961;194699.5734;8293959.606;4986.34;P56U19S;13-Dec-2013;"Rosas; Mario";Roca;Afloramiento;0.2;;;Volc;Inalt;;Si;Vnll;;;;Caja piso toba brecha de composicion andesitica craquelada con venillas de calcita;21/11/2019 07:00;0.006;;0.2;2.26;3;;99;0.7;5;2.84;1;;8;12;;31.6;2.65;10;;;1;;0.13;20.8;;;0.79;568;1;0.06;1;1;0.06;17;;;0.01;5;;5.7;10;148;;0.045;;;0.02;2;;36;10;11;;58.1;10.2;GABY
10356;TM;GAB;GABY;BWTBMEX5960;194699.2232;8293959.196;4986.37;P56U19S;13-Dec-2013;"Rosas; Mario";Estructura;Afloramiento;0.2;;;;;;;;F;Pnz;;Brecha de falla craquelada clorita;21/11/2019 07:00;0.006;;0.2;1.91;3;;175;0.7;5;5.36;1;;12;8;;20.6;1.76;10;;;7;;0.31;18.4;;;0.5;867;1;0.08;1;6;0.05;18;;;0.01;5;;4;10;325;;0.021;;;0.02;2;;29;10;8.2;;57.1;8;GABY
10357;TM;GAB;GABY;BWTBMEX5959;194698.8327;8293958.746;4986.5;P56U19S;13-Dec-2013;"Rosas; Mario";Estructura;Afloramiento;0.2;;;;;;;;F;Pnz;Qz;falla panizo con arrastre de cuarzo blanco triturado  venillas de calcita;21/11/2019 07:00;0.006;;0.2;3.26;3;;536;0.7;5;3.61;1;;8;6;;13.5;2.46;10;;;2;;0.24;17.5;;;0.6;466;1;0.23;1;4;0.07;18;;;0.01;5;;5.1;10;1000;;0.005;;;0.03;2;;40;10;7.9;;59.3;10.4;GABY
10358;TM;GAB;GABY;BWTBMEX5958;194698.6235;8293957.916;4986.18;P56U19S;13-Dec-2013;"Rosas; Mario";Estructura;Afloramiento;0.2;;;;;;;;F;Pnz;;Brecha de falla craquelada clorita;21/11/2019 07:00;0.006;;0.2;3.59;3;;490;0.7;5;2.81;1;;12;7;;13.4;2.79;10;;;1;;0.24;18;;;0.78;401;1;0.21;1;5;0.07;14;;;0.01;5;;6.7;10;919;;0.005;;;0.03;2;;59;10;7.4;;62;12.6;GABY
10359;TM;GAB;GABY;BWTBMEX5957;194698.4535;8293957.287;4986.24;P56U19S;13-Dec-2013;"Rosas; Mario";Estructura;Afloramiento;0.2;;;;;;;;F;Pnz;;Brecha de falla craquelada clorita;21/11/2019 07:00;0.006;;0.2;2.81;3;;390;0.9;5;4.11;1;;5;4;;16.7;2.3;10;;;4;;0.19;14.3;;;0.46;578;1;0.24;1;5;0.06;17;;;0.01;5;;4.7;10;779;;0.012;;;0.03;2;;47;10;6.9;;44.9;10.6;GABY
10360;TM;GAB;GABY;BWTBMEX5956;194698.3927;8293956.846;4986.35;P56U19S;13-Dec-2013;"Rosas; Mario";Estructura;Afloramiento;0.2;;;;;;;;F;Pnz;Qz;falla panizo con arrastre de cuarzo blanco triturado  venillas de calcita;21/11/2019 07:00;0.005;;0.2;1.73;3;;189;0.6;5;7.78;1;;8;9;;10;1.97;10;;;2;;0.13;13;;;0.44;636;1;0.12;1;1;0.06;2;;;0.01;5;;4.6;10;353;;0.019;;;0.03;2;;28;10;7.1;;42;10;GABY
10361;TM;GAB;GABY;BWTBMEX5955;194698.2934;8293956.066;4986.43;P56U19S;13-Dec-2013;"Rosas; Mario";Roca;Afloramiento;0.2;;;Volc;Inalt;;Si;Vnll;;;;Caballo toba brecha de composicion andesitica textura porfiritica con venillas de calcita;21/11/2019 07:00;0.005;;0.2;1.39;16;;54;0.5;5;6.66;1;;8;4;;14.9;2.12;10;;;1;;0.11;12.9;;;0.49;520;1;0.06;1;1;0.06;12;;;0.01;5;;4.9;10;61.6;;0.11;;;0.03;2;;39;10;7.7;;47.1;7.9;GABY
10362;TM;GAB;GABY;BWTBMEX5954;194696.333;8293944.506;4986.1;P56U19S;13-Dec-2013;"Rosas; Mario";Estructura;Afloramiento;0.2;;;;;;;;F;Pnz;;Brecha de falla craquelada clorita;21/11/2019 07:00;0.005;;0.2;3.41;7;;302;0.6;5;3.08;1;;10;1;;109;2.18;10;;;5;;0.28;17;;;1.51;1094;1;0.12;1;1;0.07;16;;;0.01;5;;5;10;684;;0.019;;;0.03;2;;60;10;10.1;;62.3;13.6;GABY
10363;TM;GAB;GABY;BWTBMEX5953;194681.1732;8293961.267;4997.23;P56U19S;13-Dec-2013;"Rosas; Mario";Estructura;Afloramiento;0.2;;;;;;;;F;Pnz;;falla panizo;21/11/2019 07:00;0.005;;0.2;3.6;3;;354;0.5;5;3.09;2;;12;8;;22.5;2.3;10;;;3;;0.4;16.4;;;1.33;580;1;0.33;1;12;0.07;11;;;0.01;5;;6.3;10;905;;0.021;;;0.05;2;;66;10;9.1;;54.9;18.8;GABY
10364;TM;GAB;GABY;BWTBMEX5952;194665.6534;8293981.446;5008.27;P56U19S;13-Dec-2013;"Rosas; Mario";Estructura;Afloramiento;0.2;;;;;;;;F;Pnz;;falla panizo con estrias;21/11/2019 07:00;0.005;;0.2;3.95;3;;481;0.7;5;2.24;1;;13;7;;28;2.39;10;;;1;;0.34;17.1;;;1.29;481;1;0.33;1;9;0.06;9;;;0.01;5;;7.8;10;755;;0.032;;;0.05;2;;59;10;11.9;;54;22.5;GABY
10365;TM;GAB;GABY;BWTBMEX5951;194665.5733;8293981.167;5008.28;P56U19S;13-Dec-2013;"Rosas; Mario";Estructura;Afloramiento;0.2;;;;;;;;F;Pnz;;falla panizo con estrias;21/11/2019 07:00;0.005;;0.2;4.41;3;;709;0.9;5;3.14;1;;6;6;;41.6;1.92;10;;;4;;0.39;17.5;;;1.11;548;1;0.52;1;5;0.07;15;;;0.01;5;;5.1;10;1090;;0.021;;;0.04;2;;46;10;9.5;;56.8;18.5;GABY
10366;TM;GAB;GABY;BWTBMEX5949;194661.5428;8294000.326;5013.07;P56U19S;13-Dec-2013;"Rosas; Mario";Estructura;Afloramiento;0.2;;;;;;;;Bx;;;Estructura brechada craquelada con relleno de arcillas;21/11/2019 07:00;0.005;;0.2;3.85;3;;580;0.9;5;3.42;1;;11;2;;16;1.77;10;;;1;;0.36;20;;;0.71;553;1;0.56;1;1;0.07;7;;;0.01;5;;4.4;10;1110;;0.039;;;0.03;2;;53;10;9;;53.6;13.7;GABY
10367;TM;GAB;GABY;BWTBMEX5948;194659.9127;8293999.786;5012.9;P56U19S;13-Dec-2013;"Rosas; Mario";Estructura;Afloramiento;0.2;;;;;;;;F;Pnz;;Brecha de falla craquelada clorita;21/11/2019 07:00;0.005;;0.2;2.74;3;;281;0.6;5;3.5;1;;10;3;;17.9;2.21;10;;;5;;0.38;16.7;;;1.01;365;1;0.18;1;7;0.07;16;;;0.01;5;;5.6;10;536;;0.017;;;0.03;2;;64;10;8.1;;52.4;16;GABY
10368;TM;GAB;GABY;BWTBMEX5947;194658.4628;8293999.266;5013.29;P56U19S;13-Dec-2013;"Rosas; Mario";Estructura;Afloramiento;0.2;;;;;;;;Bx;;;Estructura brechada craquelada con relleno de arcillas;21/11/2019 07:00;0.005;;0.2;3.44;3;;473;0.7;5;3.88;1;;11;4;;28.3;2.13;10;;;3;;0.44;17;;;0.94;650;1;0.26;1;1;0.07;21;;;0.02;5;;6;10;852;;0.01;;;0.03;2;;58;10;8.5;;56.2;19.9;GABY
10369;TM;GAB;GABY;BWTBMEX5946;194657.7231;8293998.086;5012.97;P56U19S;13-Dec-2013;"Rosas; Mario";Estructura;Afloramiento;0.2;;;;;;;;Bx;;;Estructura brechada craquelada con relleno de arcillas;21/11/2019 07:00;0.005;;0.2;2.87;3;;340;0.6;5;3.84;1;;13;9;;30.3;2.4;10;;;1;;0.6;16.9;;;1.02;1009;1;0.18;1;10;0.07;14;;;0.01;5;;7.9;10;565;;0.012;;;0.03;2;;40;10;11.4;;52.4;23.9;GABY
10370;TM;GAB;GABY;BWTBMEX5945;194657.5736;8293997.206;5013.02;P56U19S;13-Dec-2013;"Rosas; Mario";Estructura;Afloramiento;0.2;;;;;;;;F;Pnz;;Brecha de falla craquelada clorita;21/11/2019 07:00;0.005;;0.2;3.13;16;;403;0.7;5;3.8;3;;18;10;;21.1;2.09;10;;;1;;0.61;20.2;;;0.75;436;1;0.26;1;6;0.07;48;;;0.01;5;;7.5;10;713;;0.032;;;0.04;2;;51;10;12.5;;66.1;24.2;GABY
10371;TM;GAB;GABY;BWTBMEX5944;194647.1929;8294008.396;5019.94;P56U19S;13-Dec-2013;"Rosas; Mario";Estructura;Afloramiento;0.2;;;;;;;;Bx;;;Estructura brechada craquelada con relleno de arcillas;21/11/2019 07:00;0.005;;0.2;4.3;3;;723;0.8;5;3.46;1;;5;9;;10.8;2.27;10;;;1;;0.3;18.6;;;0.77;273;1;0.53;1;2;0.07;24;;;0.01;5;;6.1;10;1400;;0.009;;;0.05;2;;54;10;8.1;;54.6;17.2;GABY
10372;TM;GAB;GABY;BWTBMEX5943;194646.6732;8294007.807;5019.81;P56U19S;13-Dec-2013;"Rosas; Mario";Estructura;Afloramiento;0.2;;;;;;;;F;Pnz;Cal;falla panizo con arrastre de calcita craquelada;21/11/2019 07:00;0.005;;0.2;3.25;8;;365;0.7;5;2.92;1;;11;6;;29.4;2.08;10;;;5;;0.43;17;;;1.1;764;1;0.28;1;8;0.06;18;;;0.01;5;;5.9;10;602;;0.011;;;0.02;2;;35;10;8.9;;51.5;13.7;GABY
10373;TM;GAB;GABY;BWTBMEX5942;194646.6129;8294007.167;5020.04;P56U19S;13-Dec-2013;"Rosas; Mario";Estructura;Afloramiento;0.2;;;;;;;;F;Pnz;;Brecha de falla craquelada clorita;21/11/2019 07:00;0.005;;0.4;2.93;14;;517;0.7;5;4.58;1;;8;11;;14;2.29;10;;;6;;0.49;19.1;;;0.62;621;1;0.32;1;9;0.06;23;;;0.01;5;;6.2;10;751;;0.024;;;0.04;2;;35;10;10.6;;42.9;23.9;GABY
10374;TM;GAB;GABY;BWTBMEX5941;194646.3027;8294006.816;5020.48;P56U19S;13-Dec-2013;"Rosas; Mario";Estructura;Afloramiento;0.2;;;;;;;;F;Pnz;;Brecha de falla craquelada clorita;21/11/2019 07:00;0.005;;0.2;4.02;3;;663;0.8;5;3.56;1;;6;5;;23.1;1.88;10;;;1;;0.32;16.8;;;0.75;401;1;0.6;1;6;0.06;27;;;0.01;5;;5.4;10;1050;;0.026;;;0.04;2;;53;10;10;;60.7;21;GABY
10375;TM;GAB;GABY;BWTBMEX5940;194646.1837;8294006.556;5020.51;P56U19S;13-Dec-2013;"Rosas; Mario";Estructura;Afloramiento;0.2;;;;;;;;F;Pnz;Cal;Falla  con bandeamiento de calcita hidrotermal brechada;21/11/2019 07:00;0.005;;0.2;3.79;3;;648;0.8;5;4.68;1;;6;11;;22.7;2.13;10;;;1;;0.34;19.1;;;0.76;662;1;0.52;1;10;0.06;23;;;0.01;5;;6;10;1010;;0.022;;;0.05;2;;63;10;9.9;;53.6;19;GABY
10376;TM;GAB;GABY;BWTBMEX5939;194646.1034;8294006.536;5020.51;P56U19S;13-Dec-2013;"Rosas; Mario";Estructura;Afloramiento;0.2;;;;;;;;F;Pnz;;falla panizo con estrias;21/11/2019 07:00;0.005;;0.2;3.8;3;;537;0.7;5;4.13;1;;21;13;;17.7;3.28;10;;;1;;0.37;19;;;1.52;723;1;0.32;1;17;0.06;41;;;0.01;5;;10;10;760;;0.012;;;0.07;2;;87;10;11.2;;65.2;27.3;GABY
10377;TM;GAB;GABY;BWTBMEX5938;194918.7927;8293781.566;4907.9;P56U19S;3-Dec-2013;"Rosas; Mario";Roca;Afloramiento;0.4;;;Volc;Inalt;;Si;Frc;;;;Caja piso roca flujo de lavas de textura afanitica oxido de manganeso;21/11/2019 07:00;0.011;;27.1;0.9;23;;54;0.6;5;3.44;2;;14;27;;13.1;2.84;10;;;1;;0.3;18.6;;;0.42;770;2;0.03;1;5;0.08;71;;;0.09;5;;2.8;10;49.9;;0.005;;;0.04;2;;71;10;9;;248;7.2;GABY
10378;TM;GAB;GABY;BWTBMEX5937;194918.6832;8293781.317;4907.9;P56U19S;3-Dec-2013;"Rosas; Mario";Estructura;Afloramiento;0.2;;;;;;;;Vt;Qz;Sulf;Veta cuarzo blanco hailino brechada puntos de sulfuros;21/11/2019 07:00;0.106;;262;0.51;175;;37;0.5;5;0.42;10;;12;57;;47.8;1.99;10;;;1;;0.19;9.4;;;0.18;607;1;0.02;1;6;0.05;826;;;0.79;13;;2.5;10;13.3;;0.012;;;0.01;2;;19;10;5.4;;928;2.9;GABY
10379;TM;GAB;GABY;BWTBMEX5936;194918.6133;8293781.156;4907.9;P56U19S;3-Dec-2013;"Rosas; Mario";Estructura;Afloramiento;0.2;;;;;;;;Bx;Sil;Qz;Estructura brechada silico-argilico venilleo de cuarzo blanco hialino;21/11/2019 07:00;0.019;;5.1;0.6;189;;26;0.6;5;1.4;1;;11;11;;21.7;2.18;10;;;3;;0.3;14.1;;;0.18;268;1;0.02;1;4;0.08;45;;;1.58;5;;3.8;10;28.7;;0.005;;;0.01;2;;37;10;7.3;;90.1;3.9;GABY
10380;TM;GAB;GABY;BWTBMEX5935;194918.5331;8293780.967;4907.9;P56U19S;3-Dec-2013;"Rosas; Mario";Estructura;Afloramiento;0.2;;;;;;;;Vt;Qz;Sil;Veta de cuarzo blanco hialino masivo brechada con puntos de silice gris;21/11/2019 07:00;0.064;;56.5;0.7;163;;19;0.5;5;0.53;1;;10;106;;71.3;1.91;10;;;1;;0.16;8.8;;;0.26;251;1;0.02;1;14;0.05;152;;;0.9;5;;2.8;10;12.3;;0.007;;;0.01;2;;27;10;5.1;;206;2.8;GABY
10381;TM;GAB;GABY;BWTBMEX5934;194918.4028;8293780.666;4907.9;P56U19S;3-Dec-2013;"Rosas; Mario";Estructura;Afloramiento;0.45;;;;;;;;Vt;Sil;Qz;Estructura silicificada brechada bandeamiento de cuarzo blanco hialino craquelado venillas de cuarzo gris arcillas;21/11/2019 07:00;0.058;;4.8;0.6;261;;45;0.5;5;0.33;1;;11;42;;20.9;2.05;10;;;1;;0.16;8.2;;;0.3;424;1;0.01;1;11;0.05;50;;;1.21;5;;2.4;10;10.1;;0.017;;;0.01;2;;25;10;4.5;;111;3.1;GABY
10382;TM;GAB;GABY;BWTBMEX5933;194907.6333;8293789.256;4909.5;P56U19S;3-Dec-2013;"Rosas; Mario";Estructura;Afloramiento;0.4;;;;;;;;Bx;Ox;;Estructura argilizada brechada hematita;21/11/2019 07:00;0.005;;3.6;0.83;59;;42;1.8;5;0.37;1;;17;13;;37.4;3.61;10;;;1;;0.27;18.2;;;0.22;622;2;0.02;1;11;0.07;18;;;0.03;6;;4.2;10;20.2;;0.005;;;0.01;2;;29;10;9.5;;75;4.7;GABY
10383;TM;GAB;GABY;BWTBMEX5932;194907.5728;8293788.956;4909.5;P56U19S;3-Dec-2013;"Rosas; Mario";Estructura;Afloramiento;0.2;;;;;;;;;;;Estructura;21/11/2019 07:00;0.014;;21.3;0.84;91;;34;1.4;5;0.48;1;;11;40;;55.9;1.58;10;;;1;;0.34;14.6;;;0.23;402;2;0.01;1;11;0.06;46;;;0.09;6;;4.4;10;17;;0.005;;;0.01;2;;30;10;8.1;;131;4.6;GABY
10384;TM;GAB;GABY;BWTBMEX5931;194907.5334;8293788.767;4909.5;P56U19S;3-Dec-2013;"Rosas; Mario";Estructura;Afloramiento;0.2;;;;;;;;Vt;Qz;;Veta  de cuarzo blanco hialino brechada con relleno de arcillas;21/11/2019 07:00;0.152;;148;0.65;169;;22;0.5;5;0.98;1;;10;36;;60.9;1.14;10;;;1;;0.24;8.2;;;0.2;183;1;0.01;1;7;0.05;182;;;0.49;7;;2.6;10;13.5;;0.007;;;0.01;2;;21;10;4.1;;162;3;GABY
10385;TM;GAB;GABY;BWTBMEX5930;194907.4931;8293788.567;4909.5;P56U19S;3-Dec-2013;"Rosas; Mario";Estructura;Afloramiento;0.2;;;;;;;;F;Pnz;Qz;falla panizo con hematita arrastre de cuarzo blanco hialino craquelado;21/11/2019 07:00;0.016;;12.8;1.03;53;;78;1.4;5;5.26;1;;21;23;;46.3;2.04;10;;;1;;0.23;16.6;;;0.44;677;1;0.01;1;16;0.07;38;;;0.29;5;;4;10;54.4;;0.005;;;0.01;2;;46;10;7.6;;248;5;GABY
10386;TM;GAB;GABY;BWTBMEX5929;194893.3836;8293798.376;4911.1;P56U19S;3-Dec-2013;"Rosas; Mario";Roca;Afloramiento;0.5;;;Volc;Inalt;;Si;Vnll;;;;Caja techo roca craquelado flujo de lavas de textura porfiritica venillas de calcita pirita cubica;21/11/2019 07:00;0.005;;0.2;1.87;3;;94;0.8;5;3.37;1;;14;7;;21.5;3.11;10;;;1;;0.19;29.9;;;1.3;671;2;0.02;1;6;0.12;29;;;0.02;5;;3.7;10;128;;0.013;;;0.02;2;;62;10;11;;69.2;5.2;GABY
10387;TM;GAB;GABY;BWTBMEX5928;194893.5335;8293798.746;4911.1;P56U19S;3-Dec-2013;"Rosas; Mario";Estructura;Afloramiento;0.3;;;;;;;;F;Pnz;;falla panizo;21/11/2019 07:00;0.005;;0.3;2;24;;93;1.1;6;9.64;1;;16;14;;23.7;2.37;10;;;1;;0.24;21.1;;;0.76;988;2;0.05;1;9;0.07;18;;;0.42;5;;3.6;10;145;;0.026;;;0.02;2;;60;10;9.9;;47.5;7.6;GABY
10388;TM;GAB;GABY;BWTBMEX5927;194893.6837;8293799.086;4911.1;P56U19S;3-Dec-2013;"Rosas; Mario";Estructura;Afloramiento;0.45;;;;;;;;Vt;Qz;;Veta de cuarzo blanco hialino brechada coloforme 2 fases;21/11/2019 07:00;0.094;;90.5;0.49;203;;13;0.5;5;3.89;2;;10;61;;97.7;1.27;10;;;1;;0.13;7;;;0.13;241;1;0.01;1;5;0.03;108;;;1.12;5;;1.8;10;21.7;;0.005;;;0.01;2;;18;10;2.9;;484;2.1;GABY
10389;TM;GAB;GABY;BWTBMEX5926;194893.8032;8293799.386;4911.1;P56U19S;3-Dec-2013;"Rosas; Mario";Estructura;Afloramiento;0.2;;;;;;;;F;Pnz;Qz;falla panizo arrastre de cuarzo blanco hialino craquelado;21/11/2019 07:00;0.023;;7.4;0.85;80;;17;0.7;5;3.85;1;;18;44;;38;2.15;10;;;1;;0.24;12.1;;;0.43;409;2;0.01;1;11;0.06;32;;;1.42;11;;3.3;10;25;;0.011;;;0.01;2;;35;10;5.1;;105;3.5;GABY
10390;TM;GAB;GABY;BWTBMEX5924;189496.0032;8286705.006;5105;P56U19S;3-Dec-2013;"Rosas; Mario";Estructura;Afloramiento;0.1;;;;;;;;Vt;Sil;Qz;"Estructura silicificada con venillas de cuarzo blanco;cuarcita;pirita oxido de fierro";21/11/2019 07:00;0.005;;0.2;0.58;3;;104;0.5;14;0.03;1;;6;65;;18.9;2.95;10;;;1;;0.02;4.5;;;0.01;12;3;0.01;1;9;0.02;39;;;2.04;5;;0.5;10;131;;0.355;;;0.01;2;;13;10;0.5;;1.6;2.5;GABY
10391;TM;GAB;GABY;BWTBMEX5923;189486.0035;8286755.007;5097;P56U19S;3-Dec-2013;"Rosas; Mario";Estructura;Afloramiento;0.8;;;;;;;;Vt;Sil;Qz;"Estructura silicificada con venillas de cuarzo blanco;cuarcita;pirita oxido de fierro";21/11/2019 07:00;0.005;;0.2;0.73;3;;242;0.5;6;0.01;1;;1;90;;6.2;1.34;10;;;1;;0.01;1.7;;;0.01;13;3;0.01;1;1;0.01;62;;;0.41;5;;0.5;10;129;;0.487;;;0.01;2;;37;10;0.5;;2.6;1;GABY
10392;TM;GAB;GABY;BWTBMEX5922;189486.0035;8286755.007;5097;P56U19S;3-Dec-2013;"Rosas; Mario";Estructura;Afloramiento;0.6;;;;;;;;Bx;Qz;Cal;"Estructura brechada con venillas de cuarzo blanco;cuarcita;calcita pirita oxido de fierro";21/11/2019 07:00;0.005;;0.2;0.72;8;;190;0.5;5;0.03;1;;1;121;;5.9;1.11;10;;;1;;0.01;1.8;;;0.01;19;2;0.01;1;1;0.01;24;;;0.11;5;;0.5;10;77.2;;0.344;;;0.01;2;;23;10;0.6;;4.3;1.7;GABY
10393;TM;GAB;GABY;BWTBMEX5921;188942.0034;8286376.006;5189;P56U19S;3-Dec-2013;"Rosas; Mario";Estructura;Afloramiento;0.3;;;;;;;;F;Pnz;Cal;"Falla panizo con venillas de calcita;pirita ;oxido de fierro";21/11/2019 07:00;0.005;;0.4;1.62;3;;304;0.9;5;0.86;1;;14;29;;77.1;4.12;10;;;1;;0.2;33;;;0.5;353;2;0.16;1;20;0.14;28;;;0.61;5;;6.1;23;209;;0.009;;;0.07;2;;111;10;10.6;;56.5;69.2;GABY
10394;TM;GAB;GABY;BWTBMEX5920;188942.0034;8286376.006;5189;P56U19S;3-Dec-2013;"Rosas; Mario";Estructura;Afloramiento;1;;;;;;;;Bx;Cal;Sulf;"Estructura brechada ;calcita oxido de fierro;pirita diseminada";21/11/2019 07:00;0.005;;0.2;1.52;20;;152;0.5;5;0.51;1;;4;42;;62.6;3.88;10;;;1;;0.21;22.7;;;0.22;68;1;0.2;1;6;0.13;47;;;0.72;8;;5.7;10;202;;0.005;;;0.07;2;;46;10;2.6;;79;47.3;GABY
10395;TM;GAB;GABY;BWTBMEX5919;188942.0034;8286376.006;5189;P56U19S;3-Dec-2013;"Rosas; Mario";Estructura;Afloramiento;1;;;;;;;;Bx;Cal;Sulf;"Estructura brechada ;calcita oxido de fierro;pirita diseminada";21/11/2019 07:00;0.005;;0.2;1.55;3;;155;0.5;5;0.57;1;;6;23;;78.3;4.68;10;;;1;;0.17;27.8;;;0.21;56;2;0.15;1;5;0.14;16;;;0.63;5;;4.8;10;200;;0.005;;;0.04;2;;37;10;2.8;;14.4;45.8;GABY
10396;TM;GAB;GABY;BWTBMEX5918;188942.0031;8286830.006;5187;P56U19S;3-Dec-2013;"Rosas; Mario";Estructura;Afloramiento;1;;;;;;;;Bx;Sil;Cal;"Estructura brechada silicificada;venillas de calcita;oxido de fierro";21/11/2019 07:00;0.005;;0.2;1.48;3;;152;0.5;5;0.47;1;;4;19;;46.1;4.2;10;;;1;;0.2;24;;;0.22;40;1;0.2;1;4;0.14;22;;;0.75;5;;5;10;214;;0.005;;;0.06;2;;42;10;2.3;;23.3;45.9;GABY
10397;TM;GAB;GABY;BWTBMEX5917;188942.0031;8286830.006;5187;P56U19S;3-Dec-2013;"Rosas; Mario";Estructura;Afloramiento;0.6;;;;;;;;Vt;Sil;Cal;"Estructura silicificada con venillas de calcita pirita;oxido de fierro";21/11/2019 07:00;0.005;;0.2;1.32;3;;136;0.5;5;0.34;1;;8;26;;49.7;3.35;10;;;1;;0.23;16.5;;;0.14;52;1;0.16;1;6;0.09;15;;;0.75;5;;4.5;10;147;;0.019;;;0.09;2;;45;10;2.1;;25.3;28.2;GABY
10398;TM;GAB;GABY;BWTBMEX5916;188943.0027;8286382.006;5185;P56U19S;3-Dec-2013;"Rosas; Mario";Estructura;Afloramiento;1;;;;;;;;Vt;Sil;Cal;"Estructura silicificada con venillas de calcita pirita;oxido de fierro";21/11/2019 07:00;0.005;;0.2;1.41;3;;130;0.5;5;0.52;1;;10;48;;58.5;3.27;10;;;1;;0.18;20.7;;;0.11;63;1;0.16;1;15;0.12;19;;;1.16;5;;5.6;10;139;;0.005;;;0.12;2;;69;10;4.6;;55.6;26.6;GABY
10399;TM;GAB;GABY;BWTBMEX5915;188943.0027;8286382.006;5185;P56U19S;3-Dec-2013;"Rosas; Mario";Estructura;Afloramiento;1;;;;;;;;Vt;Sil;Cal;"Estructura silicificada con venillas de calcita pirita;oxido de fierro";21/11/2019 07:00;0.005;;0.2;1.68;3;;149;0.5;5;0.36;1;;10;34;;67.4;3.63;10;;;1;;0.19;19.9;;;0.12;86;1;0.12;1;15;0.12;14;;;0.98;5;;6.3;10;133;;0.005;;;0.12;2;;66;10;3.7;;46.3;31.6;GABY
10400;TM;GAB;GABY;BWTBMEX5914;188943.0027;8286382.006;5185;P56U19S;3-Dec-2013;"Rosas; Mario";Estructura;Afloramiento;1;;;;;;;;Vt;Sil;Cal;"Estructura silicificada con venillas de calcita pirita;oxido de fierro";21/11/2019 07:00;0.005;;0.2;1.92;3;;142;0.5;5;0.25;1;;9;32;;63.7;4.03;10;;;1;;0.22;17;;;0.17;64;1;0.08;1;9;0.12;18;;;0.61;5;;6.9;10;119;;0.007;;;0.09;2;;52;10;2.9;;28.2;42.2;GABY
10401;TM;GAB;GABY;BWTBMEX5913;188945.003;8286388.006;5183;P56U19S;3-Dec-2013;"Rosas; Mario";Estructura;Afloramiento;1;;;;;;;;Vt;Sil;Cal;"Estructura silicificada con venillas de calcita pirita;oxido de fierro";21/11/2019 07:00;0.005;;0.4;1.93;3;;161;0.5;5;0.31;1;;8;19;;63.6;4.23;10;;;1;;0.22;17;;;0.18;64;2;0.13;1;10;0.09;13;;;0.6;5;;4.7;17;193;;0.005;;;0.09;2;;51;10;3;;58;43.9;GABY
10402;TM;GAB;GABY;BWTBMEX5912;188945.003;8286388.006;5183;P56U19S;3-Dec-2013;"Rosas; Mario";Estructura;Afloramiento;1;;;;;;;;Bx;Cal;Pnz;"Estructura brechada;panizo;venillas de calcita oxido de fierro pirita";21/11/2019 07:00;0.005;;0.2;1.88;3;;194;0.5;5;0.34;1;;7;25;;46.8;3.68;10;;;1;;0.31;25.3;;;0.22;75;1;0.1;1;8;0.1;17;;;0.58;5;;5.6;10;202;;0.005;;;0.1;2;;56;10;3.4;;30;50.3;GABY
10403;TM;GAB;GABY;BWTBMEX5911;188945.003;8286388.006;5183;P56U19S;3-Dec-2013;"Rosas; Mario";Estructura;Afloramiento;1;;;;;;;;Bx;Sil;Cal;"Estructura silicifacada brechada con puntos de pirita ;venillas de calcita ;oxido de fierro";21/11/2019 07:00;0.005;;0.2;1.64;3;;139;0.5;5;0.52;1;;10;44;;58;3.45;10;;;1;;0.17;15.7;;;0.15;100;1;0.17;1;16;0.12;2;;;0.67;5;;6.6;10;121;;0.005;;;0.12;2;;73;10;4.3;;58.7;29.7;GABY
10404;TM;GAB;GABY;BWTBMEX5910;194906.9228;8293812.637;4911.6;P56U19S;3-Dec-2013;"Rosas; Mario";Estructura;Afloramiento;0.3;;;;;;;;Vt;Qz;Cal;Veta de cuarzo blanco hialino craquelado venillas de calcita  con relleno de arcillas;21/11/2019 07:00;0.005;;0.4;1.3;40;;38;0.5;9;0.17;1;;12;9;;11;3.35;10;;;1;;0.22;12.6;;;0.96;537;1;0.04;1;1;0.08;27;;;0.37;6;;4.5;10;15.9;;0.005;;;0.02;2;;67;10;5.1;;57.8;7;GABY
10405;TM;GAB;GABY;BWTBMEX5909;194907.0536;8293813.066;4911.6;P56U19S;3-Dec-2013;"Rosas; Mario";Estructura;Afloramiento;0.6;;;;;;;;Led;Sil;Qz;Estructura silico-argilico con manchas de hematita fracturada brechada bandeamiento de cuarzo blanco hialino;21/11/2019 07:00;0.005;;0.2;1.44;51;;41;0.5;5;0.38;1;;15;12;;13.2;3.72;10;;;1;;0.22;17.3;;;0.73;535;1;0.05;1;1;0.08;38;;;0.58;7;;4.6;10;21.5;;0.005;;;0.02;2;;73;10;8;;71.8;7.2;GABY
10406;TM;GAB;GABY;BWTBMEX5908;194907.3035;8293813.827;4911.6;P56U19S;3-Dec-2013;"Rosas; Mario";Roca;Afloramiento;1;;;Volc;Inalt;;Si;Diss;;;;Caballo roca flujo de lavas de textura afanitica pirita diseminada oxido de fierro calcita en venillas;21/11/2019 07:00;0.005;;0.2;1.27;21;;42;0.8;5;0.6;1;;19;22;;22.6;3.4;10;;;1;;0.23;24.5;;;1.01;669;1;0.06;1;2;0.08;18;;;0.01;5;;5.5;10;35.9;;0.006;;;0.06;2;;106;10;12.6;;86.4;8.7;GABY
10407;TM;GAB;GABY;BWTBMEX5907;194907.5235;8293814.496;4911.6;P56U19S;3-Dec-2013;"Rosas; Mario";Estructura;Afloramiento;0.4;;;;;;;;Vt;Sil;Qz;Estructura silicificada bandeamiento de cuarzo blanco hialino triturado pirita diseminada hematita oxido de manganeso;21/11/2019 07:00;0.005;;0.9;1.03;30;;44;0.5;5;0.18;1;;11;20;;39.4;3.73;10;;;1;;0.23;11;;;0.48;259;1;0.03;1;1;0.08;27;;;0.75;5;;4.8;10;17.1;;0.005;;;0.02;2;;74;10;4.5;;43.4;7.7;GABY
10408;TM;GAB;GABY;BWTBMEX5906;194907.7029;8293815.066;4911.6;P56U19S;3-Dec-2013;"Rosas; Mario";Estructura;Afloramiento;0.8;;;;;;;;Led;Sil;Qz;Estrctura silico-argilico fracturada con bandeamento de cuarzo blanco hialino;21/11/2019 07:00;0.005;;0.2;0.89;54;;39;0.5;5;0.12;1;;8;10;;17.9;3.52;10;;;1;;0.23;9.9;;;0.35;373;1;0.04;1;1;0.08;25;;;0.28;5;;4.6;10;15.9;;0.005;;;0.02;2;;68;10;4.3;;38.5;7.6;GABY
10409;TM;GAB;GABY;BWTBMEX5905;194907.8733;8293815.586;4911.6;P56U19S;3-Dec-2013;"Rosas; Mario";Roca;Afloramiento;0.3;;;Volc;Argl;Mod;No;;;;;Rca argiizada brechada;21/11/2019 07:00;0.005;;6.7;0.97;200;;45;0.5;5;0.21;1;;4;12;;26.3;3.34;10;;;1;;0.27;6.9;;;0.18;78;1;0.03;1;1;0.08;63;;;0.07;5;;3.5;10;14.4;;0.005;;;0.01;2;;52;10;2.3;;29.7;7.3;GABY
10410;TM;GAB;GABY;BWTBMEX5904;194898.7931;8293816.326;4911.9;P56U19S;3-Dec-2013;"Rosas; Mario";Estructura;Afloramiento;0.3;;;;;;;;F;Pnz;Qz;falla panizo con arrastre de cuarzo blanco hialino triturado venillas de calcita;21/11/2019 07:00;0.005;;0.4;1.44;48;;46;0.7;5;1.23;1;;16;11;;17.1;3.38;10;;;1;;0.15;21.3;;;0.67;544;1;0.06;1;4;0.08;22;;;0.27;5;;5.4;10;31.1;;0.005;;;0.01;2;;71;10;11.1;;84.9;7.3;GABY
10411;TM;GAB;GABY;BWTBMEX5903;194898.2734;8293815.987;4911.9;P56U19S;3-Dec-2013;"Rosas; Mario";Roca;Afloramiento;0.9;;;Volc;Inalt;;Si;Diss;;;;Caballo roca flujo de lavas de textura afanitica pirita diseminada oxido de fierro;21/11/2019 07:00;0.005;;0.8;1.43;18;;44;0.5;5;0.52;1;;19;15;;20.6;3.31;10;;;1;;0.18;21;;;0.91;454;1;0.08;1;4;0.09;17;;;0.31;5;;5.3;10;27.2;;0.034;;;0.02;2;;76;10;10.6;;78.7;6.9;GABY
10412;TM;GAB;GABY;BWTBMEX5902;194897.763;8293815.667;4911.9;P56U19S;3-Dec-2013;"Rosas; Mario";Estructura;Afloramiento;0.3;;;;;;;;Vt;Cal;;Estructura de calcita;21/11/2019 07:00;0.005;;1.2;1.25;24;;34;0.9;5;0.74;1;;16;17;;9.4;3.98;10;;;1;;0.23;24.8;;;0.64;653;1;0.05;1;5;0.08;26;;;0.15;6;;4.7;10;19.3;;0.066;;;0.02;2;;91;10;13.1;;74;7.5;GABY
10413;TM;GAB;GABY;BWTBMEX5901;194888.8228;8293813.456;4911.2;P56U19S;3-Dec-2013;"Rosas; Mario";Roca;Afloramiento;0.3;;;Volc;Argl;Mod;No;;;;;Rca argilizada alterada;21/11/2019 07:00;0.047;;591;1.15;53;;45;0.5;5;0.35;1;;11;31;;31.1;2.95;10;;;1;;0.18;12.2;;;0.89;295;1;0.09;1;4;0.07;490;;;0.26;50;;5.6;10;30.4;;0.005;;;0.02;2;;65;10;5.2;;655;7.5;GABY
10414;TM;GAB;GABY;BWTBMEX5899;194888.7734;8293814.106;4911.2;P56U19S;3-Dec-2013;"Rosas; Mario";Roca;Afloramiento;1;;;Volc;Inalt;;Si;Diss;;;;Caballo roca flujo de lavas de textura afanitica pirita diseminada oxido de fierro;21/11/2019 07:00;0.005;;1.5;1.31;28;;39;0.6;5;1.64;1;;19;17;;17.3;3.37;10;;;1;;0.18;23.1;;;1.19;827;1;0.07;1;5;0.08;25;;;0.27;8;;6.7;17;33.6;;0.005;;;0.06;2;;75;10;11.8;;120;9.8;GABY
10415;TM;GAB;GABY;BWTBMEX5898;194888.7332;8293814.707;4911.2;P56U19S;3-Dec-2013;"Rosas; Mario";Roca;Afloramiento;0.2;;;Volc;Argl;Mod;Si;Parch;;;;Rca argilizada altetrada con arrastre de cuarzo blanco hialino panizo hematita pirulosita.;21/11/2019 07:00;0.005;;3.5;1.25;47;;47;0.6;5;2.05;1;;15;30;;15.3;3.57;10;;;1;;0.2;17.4;;;0.77;732;2;0.08;1;5;0.07;27;;;0.49;7;;7.5;16;35.7;;0.005;;;0.02;2;;79;10;10.1;;117;9.5;GABY
10416;TM;GAB;GABY;BWTBMEX5897;194888.7231;8293814.906;4911.2;P56U19S;3-Dec-2013;"Rosas; Mario";Estructura;Afloramiento;0.2;;;;;;;;Led;Sil;Qz;Estructura fracturada silico-argilico con bandeamiento de cuarzo blanco hialino brechada;21/11/2019 07:00;0.013;;1.5;1.47;15;;49;0.5;5;1.32;1;;17;25;;12.1;3.26;10;;;1;;0.2;20.8;;;1.23;814;1;0.13;1;4;0.08;42;;;0.03;5;;7.7;11;44.4;;0.005;;;0.09;2;;93;10;10.1;;132;9.7;GABY
10417;TM;GAB;GABY;BWTBMEX5896;194902.6228;8293826.757;4919.2;P56U19S;3-Dec-2013;"Rosas; Mario";Estructura;Afloramiento;0.4;;;;;;;;Led;Sil;Cal;Estructura silico-argilico brechada con bandeamiento de calcita;21/11/2019 07:00;0.005;;0.2;0.86;69;;44;0.7;5;0.25;1;;14;5;;27.3;3.46;10;;;1;;0.24;19.2;;;0.19;744;1;0.03;1;4;0.08;34;;;0.18;5;;4.2;10;18.8;;0.005;;;0.01;2;;33;10;8.4;;67.1;5.1;GABY
10418;TM;GAB;GABY;BWTBMEX5895;194902.6528;8293826.356;4919.2;P56U19S;3-Dec-2013;"Rosas; Mario";Roca;Afloramiento;0.4;;;Volc;Argl;Mod;Si;Vnll;;;;Rca argilizada brechada con relleno de arcillas venillas de calcita;21/11/2019 07:00;0.005;;0.7;0.83;51;;52;0.5;5;0.2;1;;11;23;;27.2;3.36;10;;;1;;0.28;13.7;;;0.13;465;1;0.03;1;4;0.08;33;;;0.09;6;;3.7;10;26.2;;0.005;;;0.01;2;;32;10;5.6;;53.7;5.2;GABY
10419;TM;GAB;GABY;BWTBMEX5894;194902.6828;8293825.957;4919.2;P56U19S;3-Dec-2013;"Rosas; Mario";Estructura;Afloramiento;0.4;;;;;;;;Led;Sil;Qz;Estructura silico-argilico con venillas de cuarzo blanco hialino;21/11/2019 07:00;0.008;;0.7;0.67;91;;43;0.5;5;0.19;1;;9;25;;28.4;2.96;10;;;1;;0.24;14.4;;;0.09;516;1;0.02;1;1;0.07;49;;;0.12;5;;3.3;10;16.8;;0.005;;;0.01;2;;36;10;5.5;;66.3;4.4;GABY
10420;TM;GAB;GABY;BWTBMEX5893;194902.7227;8293825.457;4919.2;P56U19S;3-Dec-2013;"Rosas; Mario";Roca;Afloramiento;0.6;;;Volc;Argl;Mod;Si;Vnll;;;;Rca argilico brechada alterado venillas de calcita;21/11/2019 07:00;0.005;;0.2;0.88;67;;71;1;5;0.48;1;;14;22;;39.5;2.71;10;;;1;;0.25;26.1;;;0.21;933;1;0.02;1;1;0.07;25;;;0.01;5;;2.9;26;114;;0.006;;;0.01;2;;28;10;13.4;;60.9;4.3;GABY
10421;TM;GAB;GABY;BWTBMEX5892;194903.0037;8293822.076;4919.2;P56U19S;26-Nov-13;"Rosas; Mario";Estructura;Afloramiento;0.2;;;;;;;;Led;Sil;Qz;Estructura silico-argilico brechada alterado con bandeamiento de calcita;21/11/2019 07:00;0.005;;0.2;0.7;90;;44;0.5;5;0.16;3;;10;2;;11.5;3.01;10;;;1;;0.22;11;;;0.13;478;1;0.03;1;1;0.08;19;;;0.42;7;;3.1;10;12.3;;0.118;;;0.01;2;;33;10;5.3;;27.4;3.6;GABY
10422;TM;GAB;GABY;BWTBMEX5891;194903.0227;8293821.776;4919.2;P56U19S;26-Nov-13;"Rosas; Mario";Estructura;Afloramiento;0.4;;;;;;;;F;Pnz;Qz;falla panizo con arrastre de cuarzo blanco hialino triturado venillas de calcita;21/11/2019 07:00;0.005;;0.2;1.07;99;;35;0.7;5;0.5;1;;14;6;;13.5;4.28;10;;;1;;0.22;14.5;;;0.12;1082;1;0.02;1;3;0.07;24;;;0.02;5;;4.3;10;24.8;;0.139;;;0.01;2;;43;10;9.1;;94.7;4.7;GABY
10423;TM;GAB;GABY;BWTBMEX5890;194903.0531;8293821.427;4919.2;P56U19S;26-Nov-13;"Rosas; Mario";Roca;Afloramiento;0.3;;;Volc;Argl;Mod;No;;;;;Rca alterada argilizada;21/11/2019 07:00;0.005;;0.2;0.51;108;;34;0.5;5;0.35;1;;9;4;;9.3;3.25;10;;;1;;0.22;11.9;;;0.1;525;1;0.02;1;3;0.08;12;;;0.19;5;;3.3;10;8.3;;0.03;;;0.01;2;;33;10;8.5;;44.8;2.8;GABY
10424;TM;GAB;GABY;BWTBMEX5889;194894.4932;8293822.956;4919.2;P56U19S;26-Nov-13;"Rosas; Mario";Roca;Afloramiento;0.5;;;Volc;Argl;Deb;No;;;;;Rca argilica brechada alterada;21/11/2019 07:00;0.005;;0.4;0.84;31;;32;0.5;5;0.34;1;;9;10;;142;3.76;10;;;2;;0.24;15.5;;;0.19;378;1;0.02;1;2;0.07;2;;;0.11;6;;3.7;10;11.6;;0.09;;;0.01;2;;77;10;8.1;;45;5.3;GABY
10425;TM;GAB;GABY;BWTBMEX5888;194894.6337;8293823.386;4919.2;P56U19S;26-Nov-13;"Rosas; Mario";Estructura;Afloramiento;0.4;;;;;;;;Bx;Cal;;Estructura brechada alterada con relleno de arcillas venillas  de calcita;21/11/2019 07:00;0.005;;0.2;0.99;31;;33;0.8;5;0.52;2;;16;8;;50.6;3.57;10;;;4;;0.25;20.5;;;0.43;571;1;0.02;1;5;0.08;12;;;0.48;5;;3.3;10;12.7;;0.074;;;0.01;2;;73;10;10.5;;79.5;5.5;GABY
10426;TM;GAB;GABY;BWTBMEX5887;194892.953;8293831.067;4923.4;P56U19S;26-Nov-13;"Rosas; Mario";Roca;Afloramiento;0.4;;;Volc;Argl;Deb;No;;;;;Rca alterada argilica;21/11/2019 07:00;0.005;;0.2;1.25;105;;61;0.5;5;0.59;3;;18;5;;47;3.09;10;;;1;;0.2;16.2;;;0.5;678;1;0.02;1;1;0.08;17;;;0.02;5;;3.8;10;43.4;;0.151;;;0.01;2;;26;10;7.6;;68.3;5.1;GABY
10427;TM;GAB;GABY;BWTBMEX5886;194893.0928;8293831.546;4923.4;P56U19S;26-Nov-13;"Rosas; Mario";Roca;Afloramiento;0.6;;;Volc;Argl;Deb;No;;;;;Rca alterada argilizada;21/11/2019 07:00;0.005;;0.2;0.8;76;;37;0.7;5;0.46;1;;11;9;;90.9;3.73;10;;;1;;0.28;17.3;;;0.19;669;1;0.02;1;4;0.08;20;;;0.02;5;;2.9;10;19.5;;0.162;;;0.01;2;;35;10;8.3;;60;5.3;GABY
10428;TM;GAB;GABY;BWTBMEX5885;194893.2732;8293832.116;4923.4;P56U19S;26-Nov-13;"Rosas; Mario";Roca;Afloramiento;0.6;;;Volc;Argl;Deb;No;;;;;Rca alterada argilizada;21/11/2019 07:00;0.005;;0.2;1.06;58;;48;0.8;7;1.36;4;;11;3;;33;3.28;10;;;1;;0.24;18.1;;;0.18;611;1;0.02;1;1;0.08;26;;;0.01;6;;2.4;10;60.2;;0.133;;;0.01;2;;36;10;8.3;;48;4.8;GABY
10429;TM;GAB;GABY;BWTBMEX5884;194893.4033;8293832.596;4923.4;P56U19S;26-Nov-13;"Rosas; Mario";Estructura;Afloramiento;0.4;;;;;;;;Led;Sil;;Estructura silico-argilico;21/11/2019 07:00;0.005;;0.2;0.81;44;;45;0.6;5;0.58;2;;14;4;;16.9;2.92;10;;;2;;0.25;18.6;;;0.22;553;1;0.01;1;2;0.08;21;;;0.01;5;;2.6;10;36.6;;0.095;;;0.01;2;;43;10;8.6;;29.1;4.3;GABY
10430;TM;GAB;GABY;BWTBMEX5883;194893.4833;8293832.966;4923.4;P56U19S;26-Nov-13;"Rosas; Mario";Estructura;Afloramiento;0.35;;;;;;;;Vt;Sil;;Estructura silicificada brechada;21/11/2019 07:00;0.005;;0.2;1.13;23;;87;0.6;5;0.88;1;;13;11;;12.4;2.28;10;;;1;;0.27;20.1;;;0.52;517;1;0.02;1;3;0.08;20;;;0.01;5;;2.7;10;117;;0.152;;;0.02;2;;87;10;7.3;;60.7;5.9;GABY
10431;TM;GAB;GABY;BWTBMEX5882;194885.0435;8293834.846;4922.5;P56U19S;26-Nov-13;"Rosas; Mario";Estructura;Afloramiento;0.7;;;;;;;;Bx;Cal;;Estructura brechada argilizda con venilleo de calcita;21/11/2019 07:00;0.005;;3.9;0.67;181;;30;0.5;5;4.2;7;;16;8;;2115;3.02;10;;;2;;0.19;18;;;0.19;1024;1;0.03;1;1;0.06;2;;;0.18;267;;3.2;10;53.9;;0.144;;;0.03;2;;43;10;7.8;;50;4.6;GABY
10432;TM;GAB;GABY;BWTBMEX5881;194884.7433;8293835.366;4922.5;P56U19S;26-Nov-13;"Rosas; Mario";Estructura;Afloramiento;0.15;;;;;;;;Vt;Qz;Sulf;Veta de cuarzo blanco hialino con sulfuros;21/11/2019 07:00;0.005;;14.5;1.49;986;;84;0.6;5;3.81;8;;19;2;;8728;2.44;10;;;5;;0.18;16.9;;;0.21;747;1;0.06;1;2;0.07;14;;;0.71;1916;;3;10;166;;0.095;;;0.02;2;;33;10;7.3;;123;3.8;GABY
10433;TM;GAB;GABY;BWTBMEX5880;194884.5927;8293835.706;4922.5;P56U19S;26-Nov-13;"Rosas; Mario";Roca;Afloramiento;0.25;;;Volc;Inalt;;Si;Vnll;;;;Caja roca toba brecha de textura porfiritica con venillas de calcita;21/11/2019 07:00;0.005;;0.2;1.39;18;;327;0.5;5;3.51;1;;3;4;;39;2.31;10;;;2;;0.22;14.8;;;0.29;727;1;0.05;1;3;0.07;15;;;0.01;5;;2.7;10;732;;0.052;;;0.04;2;;17;10;6.2;;33.4;6.9;GABY
10434;TM;GAB;GABY;BWTBMEX5879;194884.0532;8293837.026;4922.5;P56U19S;26-Nov-13;"Rosas; Mario";Roca;Afloramiento;0.6;;;Volc;Argl;Mod;Si;Parch;;;;Rca argilizada alterada con fragmentos de silice gris relleno de arcillas puntos de galena esfalerita pirita diseminada hematita pirulosita;21/11/2019 07:00;0.005;;0.2;1.01;90;;40;0.6;5;2.1;1;;15;6;;15.4;3.43;10;;;3;;0.18;19;;;0.28;958;1;0.03;1;2;0.07;2;;;0.19;5;;3.9;10;73.8;;0.017;;;0.01;2;;25;10;9.2;;46.5;5.6;GABY
10435;TM;GAB;GABY;BWTBMEX5878;194881.2131;8293834.556;4920.15;P56U19S;26-Nov-13;"Rosas; Mario";Roca;Afloramiento;0.25;;;Volc;Argl;Mod;Si;Parch;;;;Rca alterada argilizada con arrastre de cuarzo blanco hialino triturado relleno de arcillas hematita pirulosita pirita diseminada;21/11/2019 07:00;0.005;;0.2;1.57;72;;46;0.5;5;0.78;1;;10;4;;13.3;3.92;10;;;1;;0.14;9.2;;;0.51;264;1;0.08;1;3;0.09;16;;;0.26;5;;4.9;10;46.8;;0.01;;;0.01;2;;61;10;4.9;;51;7;GABY
10436;TM;GAB;GABY;BWTBMEX5877;194880.9031;8293834.847;4920.15;P56U19S;26-Nov-13;"Rosas; Mario";Estructura;Afloramiento;0.6;;;;;;;;Led;Sil;Cal;Estructura silico-argilico brechada fracturado bandeamiento de calcita;21/11/2019 07:00;0.005;;0.2;1.34;48;;51;0.5;5;0.6;1;;9;5;;12.2;3.17;10;;;1;;0.14;10.4;;;0.59;278;1;0.11;1;5;0.07;17;;;0.41;5;;5.1;10;49.2;;0.094;;;0.02;2;;58;10;5.8;;52.1;7.5;GABY
10437;TM;GAB;GABY;BWTBMEX5876;194880.4235;8293835.287;4920.15;P56U19S;26-Nov-13;"Rosas; Mario";Estructura;Afloramiento;0.7;;;;;;;;Led;Sil;Cal;Estructura silico-argilico brechada fracturado venillas de calcita;21/11/2019 07:00;0.005;;0.2;1.59;87;;53;0.5;5;0.65;3;;20;13;;13.3;3.17;10;;;2;;0.14;14.3;;;0.89;473;1;0.08;1;1;0.08;8;;;0.17;5;;4.5;10;55.2;;0.007;;;0.02;2;;48;10;7.9;;76.6;7;GABY
10438;TM;GAB;GABY;BWTBMEX5874;194880.0527;8293835.626;4920.15;P56U19S;26-Nov-13;"Rosas; Mario";Estructura;Afloramiento;0.3;;;;;;;;Led;Sil;Cal;Estructura silico-argilico brechada bandeamiento de calcita;21/11/2019 07:00;0.005;;0.2;1.79;122;;49;0.5;5;1.01;1;;12;7;;12.2;3.25;10;;;3;;0.14;15.3;;;0.65;353;1;0.09;1;6;0.08;17;;;0.04;5;;4.6;10;76.6;;0.013;;;0.01;2;;51;10;8.4;;72.7;7.3;GABY
10439;TM;GAB;GABY;BWTBMEX5873;194879.7232;8293835.926;4920.15;P56U19S;26-Nov-13;"Rosas; Mario";Roca;Afloramiento;0.6;;;Volc;Argl;Mod;Si;Frc;;;;Rca argilizada alterada fracturada oxido de fierro;21/11/2019 07:00;0.005;;0.2;1.54;54;;45;0.5;5;0.78;1;;16;18;;12;3.25;10;;;1;;0.15;14.9;;;0.84;282;1;0.14;1;9;0.08;25;;;0.1;5;;5.6;10;51.5;;0.019;;;0.01;2;;63;10;8.5;;71.8;8.5;GABY
10440;TM;GAB;GABY;BWTBMEX5872;194879.3936;8293836.237;4920.15;P56U19S;26-Nov-13;"Rosas; Mario";Estructura;Afloramiento;0.3;;;;;;;;F;Pnz;Qz;Estructura argilizada alterada  con relleno de panizo  oxido de fierro  con arrastre de cuarzo blanco hialino pirita diseminada;21/11/2019 07:00;0.005;;0.2;1.68;90;;42;0.5;5;0.92;1;;13;4;;7.5;3.39;10;;;1;;0.12;9.3;;;0.87;289;1;0.11;1;4;0.06;10;;;0.06;5;;5;10;63.9;;0.005;;;0.01;2;;61;10;5.5;;71.7;7.2;GABY
10441;TM;GAB;GABY;BWTBMEX5871;194879.1228;8293836.487;4920.15;P56U19S;26-Nov-13;"Rosas; Mario";Estructura;Afloramiento;0.45;;;;;;;;Vt;Qz;Cal;Veta de cuarzo blanco hialino craquelado venillas decalcita  con relleno de arcillas;21/11/2019 07:00;0.007;;0.2;2.34;100;;50;1.4;5;1.28;1;;45;4;;32.5;3.12;10;;;1;;0.19;32.6;;;0.32;1716;1;0.06;1;8;0.07;13;;;0.04;5;;5.7;10;66.1;;0.017;;;0.01;2;;52;10;21.6;;117;5.8;GABY
10442;TM;GAB;GABY;BWTBMEX5870;194878.6236;8293836.946;4920.15;P56U19S;26-Nov-13;"Rosas; Mario";Estructura;Afloramiento;0.9;;;;;;;;;;;Caballo roca;21/11/2019 07:00;0.005;;0.2;1.12;13;;39;0.5;5;2.09;1;;8;14;;3.7;3.18;10;;;2;;0.22;18.8;;;0.51;708;1;0.09;1;5;0.08;7;;;0.01;5;;4.8;10;53.5;;0.008;;;0.07;2;;128;10;10.3;;63;10.1;GABY
10443;TM;GAB;GABY;BWTBMEX5869;194878.1832;8293837.346;4920.15;P56U19S;26-Nov-13;"Rosas; Mario";Roca;Afloramiento;0.3;;;Volc;Argl;Mod;Si;Vnll;;;;Rca alterrada argilizada fracturada con venillas de calcita;21/11/2019 07:00;0.005;;0.2;1.33;24;;40;0.5;5;2.79;1;;11;6;;4.4;2.87;10;;;1;;0.21;18.4;;;0.6;725;1;0.07;1;5;0.08;13;;;0.01;5;;4.4;10;75.3;;0.042;;;0.06;2;;149;10;10.7;;71.7;8.8;GABY
10444;TM;GAB;GABY;BWTBMEX5868;194878.0135;8293837.506;4920.15;P56U19S;26-Nov-13;"Rosas; Mario";Estructura;Afloramiento;0.15;;;;;;;;Vt;Qz;Cal;Estructura de cuarzo blanco hialino brechada alteracion argilica venillas de calcita pirita diseminada;21/11/2019 07:00;0.005;;0.2;1.53;27;;38;0.5;5;2.2;1;;18;6;;4.5;2.42;10;;;1;;0.2;16.4;;;0.59;500;1;0.08;1;4;0.07;13;;;0.09;5;;3.9;10;75.2;;0.012;;;0.03;2;;111;10;9.6;;70.1;7.7;GABY
10445;TM;GAB;GABY;BWTBMEX5867;195003.2928;8293848.396;4888.1;P56U19S;26-Nov-13;"Rosas; Mario";Estructura;Afloramiento;0.8;;;;;;;;;;;Estructura alterada fracturada brechada  con venillas de cuarzo blanco hialino y calcita  oxido de fierro;21/11/2019 07:00;0.005;;0.2;1.08;38;;31;0.5;5;1.65;1;;13;10;;2.3;2.98;10;;;3;;0.27;19.1;;;0.55;622;1;0.05;1;5;0.08;9;;;0.64;5;;3.8;10;21.2;;0.073;;;0.01;2;;53;10;10.4;;62.5;9.2;GABY
10446;TM;GAB;GABY;BWTBMEX5866;195002.6828;8293847.816;4888.1;P56U19S;26-Nov-13;"Rosas; Mario";Roca;Afloramiento;0.9;;;Volc;Argl;Mod;Si;Vnll;;;;Rca argilizada fracturada con venilleo de calcita;21/11/2019 07:00;0.005;;0.2;1.56;21;;74;0.5;5;2.06;1;;19;8;;3.4;3.21;10;;;1;;0.65;20;;;0.69;766;1;0.18;1;6;0.08;10;;;0.16;5;;5.3;10;34.9;;0.016;;;0.09;2;;88;10;10.8;;78.2;17.5;GABY
10447;TM;GAB;GABY;BWTBMEX5865;195001.9932;8293847.236;4888.1;P56U19S;26-Nov-13;"Rosas; Mario";Roca;Afloramiento;0.9;;;;;;;;;;;Caballo roca;21/11/2019 07:00;0.005;;0.2;1.04;25;;28;0.5;5;2.27;1;;16;9;;5.6;3.15;10;;;2;;0.22;19.3;;;0.5;776;1;0.05;1;6;0.08;12;;;0.17;6;;4.8;10;20.8;;0.054;;;0.04;2;;103;10;10.1;;74.4;10;GABY
10448;TM;GAB;GABY;BWTBMEX5864;195001.3637;8293846.666;4888.1;P56U19S;26-Nov-13;"Rosas; Mario";Estructura;Afloramiento;0.5;;;;;;;;Led;Sil;;Estructura silico-argilico brechada;21/11/2019 07:00;0.005;;0.2;0.93;52;;29;0.5;5;0.35;1;;8;14;;3.8;3.54;10;;;1;;0.24;11.3;;;0.26;301;1;0.04;1;1;0.07;7;;;0.5;5;;3.6;10;17.7;;0.025;;;0.01;2;;63;10;5.8;;47;8.1;GABY
10449;TM;GAB;GABY;BWTBMEX5863;195000.8228;8293846.136;4888.1;P56U19S;26-Nov-13;"Rosas; Mario";Roca;Afloramiento;0.7;;;Volc;Argl;Mod;Si;Vnll;;;;Rca argilizada alterada fracturada con relleno de arcillas  venillas de cuarzo blanco hialino;21/11/2019 07:00;0.005;;0.2;1.23;44;;33;0.5;5;1.32;1;;17;6;;9.4;3.77;10;;;1;;0.21;21;;;0.51;1063;1;0.05;1;7;0.08;16;;;0.45;5;;4.6;10;23.8;;0.068;;;0.02;2;;73;10;12.4;;80.5;10.7;GABY
10450;TM;GAB;GABY;BWTBMEX5862;194993.9136;8293838.996;4889;P56U19S;26-Nov-13;"Rosas; Mario";Roca;Afloramiento;0.3;;;Volc;Argl;Mod;Si;Vnll;;;;Rca argiica fracturada con relleno de arcillas venillas de calcita  brechada oxido de fierro;21/11/2019 07:00;0.005;;0.9;1.1;55;;39;0.5;5;0.4;1;;15;9;;32.2;2.68;10;;;1;;0.21;14.2;;;0.53;350;1;0.05;1;7;0.08;20;;;0.98;5;;4.5;10;17.5;;0.147;;;0.01;2;;54;10;7.1;;51.4;8.2;GABY
10451;TM;GAB;GABY;BWTBMEX5861;194993.6627;8293838.556;4889;P56U19S;26-Nov-13;"Rosas; Mario";Roca;Afloramiento;0.7;;;Volc;Argl;Deb;Si;Vnll;;;;Rca argilizacion alterada fracturada con venillas de calcita oxido de fierro pirita cubica;21/11/2019 07:00;0.006;;0.2;1.48;38;;50;0.5;8;0.63;1;;20;26;;22.4;2.69;10;;;2;;0.18;15.8;;;0.72;386;1;0.11;1;8;0.08;24;;;1.34;7;;5.4;10;34.1;;0.005;;;0.02;2;;62;10;8.1;;86.3;8.6;GABY
11412;TM;GAB;GABY;BWEX005976;194749.28;8293842.52;4945.8;P56U19S;18-Dec-2013;"Rosas; Mario";Estructura;Afloramiento;0.2;;;;;;;;Vt;Cal;Ox;"Veta calcita hidrotemal brechada relleno de arcillas óxido de manganeso;óxido de fierro clorita";21/11/2019 07:00;0.005;;0.2;0.82;13;;22;0.6;5;15;1;;17;3;;4.8;1.87;10;;;1;;0.12;20.2;;;0.27;1176;1;0.04;1;6;0.07;18;;;0.02;5;;3.4;10;66.1;;0.089;;;0.01;2;;45;10;10.3;;59;11.5;GABY
11413;TM;GAB;GABY;BWEX005974;194749.09;8293842.46;4945.8;P56U19S;18-Dec-2013;"Rosas; Mario";Estructura;Afloramiento;0.3;;;;;;;;F;Pnz;Cal;Estructura alterada argilizada con panizo clorita venillas de calcita óxido de fierro óxido de manganeso;21/11/2019 07:00;0.005;;0.2;0.74;7;;46;0.6;5;2.52;1;;11;10;;4.5;2.39;10;;;1;;0.2;27.1;;;0.26;718;1;0.06;1;4;0.13;9;;;0.01;5;;3.3;10;85.4;;0.056;;;0.03;2;;64;10;12;;61.3;12.9;GABY
11414;TM;GAB;GABY;BWEX005973;194748.81;8293842.36;4945.8;P56U19S;18-Dec-2013;"Rosas; Mario";Estructura;Afloramiento;0.3;;;;;;;;Vnll;Cal;Ox;"Estructura alterada argilizada con venillas de calcita ;arcillas óxido de fierro;óxido de manganeso";21/11/2019 07:00;0.005;;0.2;0.78;13;;59;0.6;5;4.55;1;;10;6;;8.6;3.37;10;;;1;;0.23;27.5;;;0.26;1054;1;0.05;1;5;0.12;17;;;0.01;5;;3.6;10;145;;0.245;;;0.04;2;;63;10;13;;68.3;17;GABY
11415;TM;GAB;GABY;BWEX005972;194769.07;8293846.26;4944.5;P56U19S;18-Dec-2013;"Rosas; Mario";Estructura;Afloramiento;0.3;;;;;;;;Vnll;Cal;Ox;"Estructura alterada argilizada con venillas de calcita ;arcillas óxido de fierro;óxido de manganeso";21/11/2019 07:00;0.005;;0.2;0.78;34;;65;0.7;5;0.67;1;;12;13;;8;3.71;10;;;1;;0.3;25.6;;;0.14;872;1;0.05;1;4;0.11;15;;;0.01;5;;4.4;10;94.2;;0.17;;;0.06;2;;43;10;13.5;;70.5;16.4;GABY
11416;TM;GAB;GABY;BWEX005971;194769.11;8293845.96;4944.5;P56U19S;18-Dec-2013;"Rosas; Mario";Estructura;Afloramiento;0.15;;;;;;;;Vt;Cal;Ox;"Veta calcita hidrotemal brechada relleno de arcillas óxido de manganeso;óxido de fierro clorita";21/11/2019 07:00;0.005;;0.2;0.54;91;;23;0.9;5;15;1;;16;6;;2.5;4.05;10;;;1;;0.13;23.2;;;0.1;1684;1;0.03;1;8;0.05;16;;;0.16;5;;3.8;10;66.5;;0.301;;;0.02;2;;33;10;12.5;;93.7;12.7;GABY
11417;TM;GAB;GABY;BWEX005970;194782.08;8293850.72;4943.7;P56U19S;18-Dec-2013;"Rosas; Mario";Estructura;Afloramiento;0.2;;;;;;;;Vnll;Cal;Ox;"Estructura alterada argilizada con venillas de calcita ;arcillas óxido de fierro;óxido de manganeso";21/11/2019 07:00;0.005;;0.2;1.13;40;;89;0.6;5;0.84;1;;12;9;;8.3;3.34;10;;;1;;0.23;25.1;;;0.25;672;1;0.06;1;3;0.12;18;;;0.01;5;;4.2;10;135;;0.159;;;0.06;2;;32;10;13.8;;60.5;15.3;GABY
11418;TM;GAB;GABY;BWEX005969;194782.09;8293850.52;4943.7;P56U19S;18-Dec-2013;"Rosas; Mario";Estructura;Afloramiento;0.15;;;;;;;;Vt;Pnz;Cal;"Veta falla panizo con bandeamiento de calcita hidrotermal óxido de fierro;óxido de manganeso clorita";21/11/2019 07:00;0.005;;0.2;1.07;42;;59;1;5;4.98;1;;31;13;;7;4.04;10;;;1;;0.19;29.9;;;0.21;1207;1;0.05;1;13;0.1;26;;;0.02;5;;4;10;94.8;;0.186;;;0.02;2;;42;10;15;;107;15.1;GABY
11419;TM;GAB;GABY;BWEX005968;194804.9;8293849.16;4943.8;P56U19S;18-Dec-2013;"Rosas; Mario";Roca;Afloramiento;0.6;;;Volc;Inalt;;Si;Vnll;;;;"Caja piso roca flujo de lavas de textura porfirítica con venillas de calcita ;arcillas óxido de manganeso";21/11/2019 07:00;0.005;;0.2;0.93;6;;43;0.5;5;1.2;1;;10;13;;7.2;2.85;10;;;1;;0.14;26.7;;;0.39;345;1;0.06;1;2;0.13;16;;;0.01;5;;5;10;82.1;;0.148;;;0.05;2;;86;10;13;;53.2;16.4;GABY
11420;TM;GAB;GABY;BWEX005967;194804.79;8293848.56;4943.8;P56U19S;18-Dec-2013;"Rosas; Mario";Estructura;Afloramiento;0.1;;;;;;;;Vt;Cal;Ox;"Veta falla con arrastre de calcita hidrotermal;hematita clorita";21/11/2019 07:00;0.005;;0.3;1.55;10;;71;0.9;5;7.47;1;;20;12;;5.7;3.41;10;;;1;;0.18;27;;;0.37;871;1;0.09;1;5;0.1;19;;;0.05;5;;3.1;10;275;;0.197;;;0.02;2;;57;10;17.1;;84;17;GABY
11421;TM;GAB;GABY;BWEX005966;194821.85;8293842.18;4940.5;P56U19S;18-Dec-2013;"Rosas; Mario";Estructura;Afloramiento;0.3;;;;;;;;Vt;Cal;Ox;"Veta falla panizo con arrastre de calcita hidrotermal triturado;hematita óxido de manganeso";21/11/2019 07:00;0.005;;0.9;1.57;14;;40;0.9;5;10.89;1;;17;8;;8.8;2.68;10;;;1;;0.15;20.7;;;0.18;1193;1;0.08;1;5;0.07;8;;;0.02;5;;2.7;10;90.4;;0.166;;;0.01;2;;37;10;9.9;;77.5;22.3;GABY
11422;TM;GAB;GABY;BWEX005965;194040;8293027;5206;P56U19S;18-Dec-2013;"Rosas; Mario";Estructura;Afloramiento;1.5;;;;;;;;Vt;Qz;Cal;Veta falla con una banda de 0.40 m. de cuarzo coloforme +-20% con parches de calcita +-3% óxido de hematita +-5% clorita +-5%;21/11/2019 07:00;0.005;;0.2;0.47;3;;55;0.5;5;0.19;1;;4;149;;10;1.85;10;;;1;;0.09;8.6;;;0.07;440;1;0.01;1;7;0.03;4;;;0.05;5;;1.2;10;5.5;;0.181;;;0.01;2;;10;10;3.5;;35;1.4;GABY
11423;TM;GAB;GABY;BWEX005964;194001;8293070;5210;P56U19S;18-Dec-2013;"Rosas; Mario";Estructura;Afloramiento;0.4;;;;;;;;F;Cal;Qz;Estructura argílica con arrastre de cuarzo blanco lixiviado oqueroso+-3% calcita+-20% panizo+-5% óxido de manganeso+-2%;21/11/2019 07:00;0.005;;0.2;1.3;54;;76;1.3;5;0.15;1;;15;80;;72.6;1.84;10;;;1;;0.1;10.5;;;0.08;349;1;0.01;1;10;0.03;5;;;0.29;5;;2.9;10;7.5;;0.181;;;0.01;2;;20;10;8.4;;57.3;1.8;GABY
11424;TM;GAB;GABY;BWEX005963;199512;8291591;4850;P56U19S;18-Dec-2013;"Rosas; Mario";Estructura;Afloramiento;1;;;;;;;;F;Cal;Qz;"Estructura falla ;calcita hidrotermal con parches de cuarzo blanco con venillas de pirita pátinas de clorita (labor informal)";21/11/2019 07:00;0.025;;1.5;0.48;1158;;32;0.5;5;15;1;;7;15;;8.2;1.69;10;;;1;;0.21;10.7;;;0.15;2121;5;0.01;1;10;0.02;25;;;1.19;9;;1.9;10;244;;0.128;;;0.01;2;;7;10;3.4;;22.5;1.4;GABY
